ggml_cuda_init: found 1 CUDA devices (Total VRAM: 124608 MiB):
  Device 0: NVIDIA GB10, compute capability 12.1, VMM: yes, VRAM: 124608 MiB
llama_model_loader: loaded meta data with 49 key-value pairs and 851 tensors from /home/REDACTED/Bonsai-demo/models/bonsai2-gguf/27B/Ternary-Bonsai-2-27B-PQ2_0.gguf (version GGUF V3 (latest))
llama_model_loader: Dumping metadata keys/values. Note: KV overrides do not apply in this output.
llama_model_loader: - kv   0:                       general.architecture str              = qwen35
llama_model_loader: - kv   1:                               general.type str              = model
llama_model_loader: - kv   2:                     general.sampling.top_k i32              = 20
llama_model_loader: - kv   3:                     general.sampling.top_p f32              = 0.950000
llama_model_loader: - kv   4:                      general.sampling.temp f32              = 1.000000
llama_model_loader: - kv   5:                               general.name str              = Hf
llama_model_loader: - kv   6:                            general.version str              = v5
llama_model_loader: - kv   7:                           general.basename str              = folded
llama_model_loader: - kv   8:                         general.size_label str              = 27B
llama_model_loader: - kv   9:                         qwen35.block_count u32              = 64
llama_model_loader: - kv  10:                      qwen35.context_length u32              = 262144
llama_model_loader: - kv  11:                    qwen35.embedding_length u32              = 5120
llama_model_loader: - kv  12:                 qwen35.feed_forward_length u32              = 17408
llama_model_loader: - kv  13:                qwen35.attention.head_count u32              = 24
llama_model_loader: - kv  14:             qwen35.attention.head_count_kv u32              = 4
llama_model_loader: - kv  15:             qwen35.rope.dimension_sections arr[i32,4]       = [11, 11, 10, 0]
llama_model_loader: - kv  16:                      qwen35.rope.freq_base f32              = 10000000.000000
llama_model_loader: - kv  17:    qwen35.attention.layer_norm_rms_epsilon f32              = 0.000001
llama_model_loader: - kv  18:                qwen35.attention.key_length u32              = 256
llama_model_loader: - kv  19:              qwen35.attention.value_length u32              = 256
llama_model_loader: - kv  20:                     qwen35.ssm.conv_kernel u32              = 4
llama_model_loader: - kv  21:                      qwen35.ssm.state_size u32              = 128
llama_model_loader: - kv  22:                     qwen35.ssm.group_count u32              = 16
llama_model_loader: - kv  23:                  qwen35.ssm.time_step_rank u32              = 48
llama_model_loader: - kv  24:                      qwen35.ssm.inner_size u32              = 6144
llama_model_loader: - kv  25:             qwen35.full_attention_interval u32              = 4
llama_model_loader: - kv  26:                qwen35.rope.dimension_count u32              = 64
llama_model_loader: - kv  27:                     prism.hadamard.version u32              = 1
llama_model_loader: - kv  28:                  prism.hadamard.block_size u32              = 1024
llama_model_loader: - kv  29:                   prism.hadamard.transform str              = normalized-sylvester-walsh-hadamard
llama_model_loader: - kv  30:                        prism.hadamard.axis str              = input-last-dimension
llama_model_loader: - kv  31:                   prism.hadamard.sign_mode str              = explicit
llama_model_loader: - kv  32:                prism.hadamard.weight_names arr[str,401]     = ["output.weight", "blk.0.attn_qkv.wei...
llama_model_loader: - kv  33:                 prism.hadamard.sign_widths arr[i32,3]       = [5120, 6144, 17408]
llama_model_loader: - kv  34:                 prism.hadamard.sign_values arr[i32,28672]   = [-1, -1, -1, 1, -1, 1, 1, 1, 1, 1, 1,...
llama_model_loader: - kv  35:        prism.hadamard.inverse_weight_names arr[str,1]       = ["token_embd.weight"]
llama_model_loader: - kv  36:               prism.hadamard.gdn_v_grouped bool             = true
llama_model_loader: - kv  37:                       tokenizer.ggml.model str              = gpt2
llama_model_loader: - kv  38:                         tokenizer.ggml.pre str              = qwen35
llama_model_loader: - kv  39:                      tokenizer.ggml.tokens arr[str,248320]  = ["!", "\"", "#", "$", "%", "&", "'", ...
llama_model_loader: - kv  40:                  tokenizer.ggml.token_type arr[i32,248320]  = [1, 1, 1, 1, 1, 1, 1, 1, 1, 1, 1, 1, ...
llama_model_loader: - kv  41:                      tokenizer.ggml.merges arr[str,247587]  = ["Ġ Ġ", "ĠĠ ĠĠ", "i n", "Ġ t",...
llama_model_loader: - kv  42:                tokenizer.ggml.eos_token_id u32              = 248046
llama_model_loader: - kv  43:            tokenizer.ggml.padding_token_id u32              = 248044
llama_model_loader: - kv  44:                tokenizer.ggml.bos_token_id u32              = 248044
llama_model_loader: - kv  45:               tokenizer.ggml.add_bos_token bool             = false
llama_model_loader: - kv  46:                    tokenizer.chat_template str              = {%- set image_count = namespace(value...
llama_model_loader: - kv  47:               general.quantization_version u32              = 2
llama_model_loader: - kv  48:                          general.file_type u32              = 141
llama_model_loader: - type  f32:  353 tensors
llama_model_loader: - type bf16:   96 tensors
llama_model_loader: - type pq2_0:  402 tensors
print_info: file format = GGUF V3 (latest)
print_info: file type   = PQ2_0 - 2.13 bpw (group 128)
print_info: file size   = 6.70 GiB (2.14 BPW) 
ggml_backend_cuda_get_available_uma_memory: final available_memory_kb: 97680292
llama_prepare_model_devices: using device CUDA0 (NVIDIA GB10) (000f:01:00.0) - 95390 MiB free
init_tokenizer: initializing tokenizer for type 2
load: 0 unused tokens
load: control token: 248075 '<tts_text_bos_single>' is not marked as EOG
load: control token: 248073 '<tts_text_bos>' is not marked as EOG
load: control token: 248072 '<tts_pad>' is not marked as EOG
load: control token: 248071 '<|audio_end|>' is not marked as EOG
load: control token: 248061 '<|fim_middle|>' is not marked as EOG
load: control token: 248055 '<|vision_pad|>' is not marked as EOG
load: control token: 248052 '<|quad_end|>' is not marked as EOG
load: control token: 248049 '<|box_start|>' is not marked as EOG
load: control token: 248048 '<|object_ref_end|>' is not marked as EOG
load: control token: 248045 '<|im_start|>' is not marked as EOG
load: control token: 248057 '<|video_pad|>' is not marked as EOG
load: control token: 248070 '<|audio_start|>' is not marked as EOG
load: control token: 248056 '<|image_pad|>' is not marked as EOG
load: control token: 248054 '<|vision_end|>' is not marked as EOG
load: control token: 248060 '<|fim_prefix|>' is not marked as EOG
load: control token: 248050 '<|box_end|>' is not marked as EOG
load: control token: 248074 '<tts_text_eod>' is not marked as EOG
load: control token: 248053 '<|vision_start|>' is not marked as EOG
load: control token: 248062 '<|fim_suffix|>' is not marked as EOG
load: control token: 248047 '<|object_ref_start|>' is not marked as EOG
load: control token: 248051 '<|quad_start|>' is not marked as EOG
load: control token: 248076 '<|audio_pad|>' is not marked as EOG
load: printing all EOG tokens:
load:   - 248044 ('<|endoftext|>')
load:   - 248046 ('<|im_end|>')
load:   - 248063 ('<|fim_pad|>')
load:   - 248064 ('<|repo_name|>')
load:   - 248065 ('<|file_sep|>')
load: special tokens cache size = 33
load: token to piece cache size = 1.7581 MB
print_info: arch                  = qwen35
print_info: vocab_only            = 0
print_info: no_alloc              = 0
print_info: n_ctx_train           = 262144
print_info: n_embd_inp            = 5120
print_info: n_embd                = 5120
print_info: n_embd_out            = 5120
print_info: n_layer               = 64
print_info: n_layer_all           = 64
print_info: n_head                = 24
print_info: n_head_kv             = 4
print_info: n_rot                 = 64
print_info: n_swa                 = 0
print_info: is_swa_any            = 0
print_info: n_embd_head_k         = 256
print_info: n_embd_head_v         = 256
print_info: n_gqa                 = 6
print_info: n_embd_k_gqa          = 1024
print_info: n_embd_v_gqa          = 1024
print_info: f_norm_eps            = 0.0e+00
print_info: f_norm_rms_eps        = 1.0e-06
print_info: f_clamp_kqv           = 0.0e+00
print_info: f_max_alibi_bias      = 0.0e+00
print_info: f_logit_scale         = 0.0e+00
print_info: f_attn_scale          = 0.0e+00
print_info: f_attn_value_scale    = 0.0000
print_info: n_ff                  = 17408
print_info: n_expert              = 0
print_info: n_expert_used         = 0
print_info: n_expert_groups       = 0
print_info: n_group_used          = 0
print_info: causal attn           = 1
print_info: pooling type          = -1
print_info: rope type             = 40
print_info: rope scaling          = linear
print_info: freq_base_train       = 10000000.0
print_info: freq_scale_train      = 1
print_info: n_ctx_orig_yarn       = 262144
print_info: rope_yarn_log_mul     = 0.0000
print_info: rope_finetuned        = unknown
print_info: mrope sections        = [11, 11, 10, 0]
print_info: ssm_d_conv            = 4
print_info: ssm_d_inner           = 6144
print_info: ssm_d_state           = 128
print_info: ssm_dt_rank           = 48
print_info: ssm_n_group           = 16
print_info: ssm_dt_b_c_rms        = 0
print_info: model type            = 27B
print_info: model params          = 26.90 B
print_info: general.name          = Hf
print_info: vocab type            = BPE
print_info: n_vocab               = 248320
print_info: n_merges              = 247587
print_info: BOS token             = 248044 '<|endoftext|>'
print_info: EOS token             = 248046 '<|im_end|>'
print_info: EOT token             = 248046 '<|im_end|>'
print_info: PAD token             = 248044 '<|endoftext|>'
print_info: LF token              = 198 'Ċ'
print_info: FIM PRE token         = 248060 '<|fim_prefix|>'
print_info: FIM SUF token         = 248062 '<|fim_suffix|>'
print_info: FIM MID token         = 248061 '<|fim_middle|>'
print_info: FIM PAD token         = 248063 '<|fim_pad|>'
print_info: FIM REP token         = 248064 '<|repo_name|>'
print_info: FIM SEP token         = 248065 '<|file_sep|>'
print_info: EOG token             = 248044 '<|endoftext|>'
print_info: EOG token             = 248046 '<|im_end|>'
print_info: EOG token             = 248063 '<|fim_pad|>'
print_info: EOG token             = 248064 '<|repo_name|>'
print_info: EOG token             = 248065 '<|file_sep|>'
print_info: max token length      = 256
ggml_backend_cuda_get_available_uma_memory: final available_memory_kb: 97609540
load_tensors: loading model tensors, this can take a while... (load_mode = none)
ggml_backend_cuda_get_available_uma_memory: final available_memory_kb: 97609540
load_tensors: layer   0 assigned to device CUDA0, is_swa = 0
load_tensors: layer   1 assigned to device CUDA0, is_swa = 0
load_tensors: layer   2 assigned to device CUDA0, is_swa = 0
load_tensors: layer   3 assigned to device CUDA0, is_swa = 0
load_tensors: layer   4 assigned to device CUDA0, is_swa = 0
load_tensors: layer   5 assigned to device CUDA0, is_swa = 0
load_tensors: layer   6 assigned to device CUDA0, is_swa = 0
load_tensors: layer   7 assigned to device CUDA0, is_swa = 0
load_tensors: layer   8 assigned to device CUDA0, is_swa = 0
load_tensors: layer   9 assigned to device CUDA0, is_swa = 0
load_tensors: layer  10 assigned to device CUDA0, is_swa = 0
load_tensors: layer  11 assigned to device CUDA0, is_swa = 0
load_tensors: layer  12 assigned to device CUDA0, is_swa = 0
load_tensors: layer  13 assigned to device CUDA0, is_swa = 0
load_tensors: layer  14 assigned to device CUDA0, is_swa = 0
load_tensors: layer  15 assigned to device CUDA0, is_swa = 0
load_tensors: layer  16 assigned to device CUDA0, is_swa = 0
load_tensors: layer  17 assigned to device CUDA0, is_swa = 0
load_tensors: layer  18 assigned to device CUDA0, is_swa = 0
load_tensors: layer  19 assigned to device CUDA0, is_swa = 0
load_tensors: layer  20 assigned to device CUDA0, is_swa = 0
load_tensors: layer  21 assigned to device CUDA0, is_swa = 0
load_tensors: layer  22 assigned to device CUDA0, is_swa = 0
load_tensors: layer  23 assigned to device CUDA0, is_swa = 0
load_tensors: layer  24 assigned to device CUDA0, is_swa = 0
load_tensors: layer  25 assigned to device CUDA0, is_swa = 0
load_tensors: layer  26 assigned to device CUDA0, is_swa = 0
load_tensors: layer  27 assigned to device CUDA0, is_swa = 0
load_tensors: layer  28 assigned to device CUDA0, is_swa = 0
load_tensors: layer  29 assigned to device CUDA0, is_swa = 0
load_tensors: layer  30 assigned to device CUDA0, is_swa = 0
load_tensors: layer  31 assigned to device CUDA0, is_swa = 0
load_tensors: layer  32 assigned to device CUDA0, is_swa = 0
load_tensors: layer  33 assigned to device CUDA0, is_swa = 0
load_tensors: layer  34 assigned to device CUDA0, is_swa = 0
load_tensors: layer  35 assigned to device CUDA0, is_swa = 0
load_tensors: layer  36 assigned to device CUDA0, is_swa = 0
load_tensors: layer  37 assigned to device CUDA0, is_swa = 0
load_tensors: layer  38 assigned to device CUDA0, is_swa = 0
load_tensors: layer  39 assigned to device CUDA0, is_swa = 0
load_tensors: layer  40 assigned to device CUDA0, is_swa = 0
load_tensors: layer  41 assigned to device CUDA0, is_swa = 0
load_tensors: layer  42 assigned to device CUDA0, is_swa = 0
load_tensors: layer  43 assigned to device CUDA0, is_swa = 0
load_tensors: layer  44 assigned to device CUDA0, is_swa = 0
load_tensors: layer  45 assigned to device CUDA0, is_swa = 0
load_tensors: layer  46 assigned to device CUDA0, is_swa = 0
load_tensors: layer  47 assigned to device CUDA0, is_swa = 0
load_tensors: layer  48 assigned to device CUDA0, is_swa = 0
load_tensors: layer  49 assigned to device CUDA0, is_swa = 0
load_tensors: layer  50 assigned to device CUDA0, is_swa = 0
load_tensors: layer  51 assigned to device CUDA0, is_swa = 0
load_tensors: layer  52 assigned to device CUDA0, is_swa = 0
load_tensors: layer  53 assigned to device CUDA0, is_swa = 0
load_tensors: layer  54 assigned to device CUDA0, is_swa = 0
load_tensors: layer  55 assigned to device CUDA0, is_swa = 0
load_tensors: layer  56 assigned to device CUDA0, is_swa = 0
load_tensors: layer  57 assigned to device CUDA0, is_swa = 0
load_tensors: layer  58 assigned to device CUDA0, is_swa = 0
load_tensors: layer  59 assigned to device CUDA0, is_swa = 0
load_tensors: layer  60 assigned to device CUDA0, is_swa = 0
load_tensors: layer  61 assigned to device CUDA0, is_swa = 0
load_tensors: layer  62 assigned to device CUDA0, is_swa = 0
load_tensors: layer  63 assigned to device CUDA0, is_swa = 0
load_tensors: layer  64 assigned to device CUDA0, is_swa = 0
create_tensor: loading tensor token_embd.weight
create_tensor: loading tensor output_norm.weight
create_tensor: loading tensor output.weight
create_tensor: loading tensor blk.0.attn_norm.weight
create_tensor: loading tensor blk.0.post_attention_norm.weight
create_tensor: loading tensor blk.0.attn_qkv.weight
create_tensor: loading tensor blk.0.attn_gate.weight
create_tensor: loading tensor blk.0.ssm_conv1d.weight
create_tensor: loading tensor blk.0.ssm_dt.bias
create_tensor: loading tensor blk.0.ssm_a
create_tensor: loading tensor blk.0.ssm_beta.weight
create_tensor: loading tensor blk.0.ssm_alpha.weight
create_tensor: loading tensor blk.0.ssm_norm.weight
create_tensor: loading tensor blk.0.ssm_out.weight
create_tensor: loading tensor blk.0.ffn_gate.weight
create_tensor: loading tensor blk.0.ffn_down.weight
create_tensor: loading tensor blk.0.ffn_up.weight
create_tensor: loading tensor blk.1.attn_norm.weight
create_tensor: loading tensor blk.1.post_attention_norm.weight
create_tensor: loading tensor blk.1.attn_qkv.weight
create_tensor: loading tensor blk.1.attn_gate.weight
create_tensor: loading tensor blk.1.ssm_conv1d.weight
create_tensor: loading tensor blk.1.ssm_dt.bias
create_tensor: loading tensor blk.1.ssm_a
create_tensor: loading tensor blk.1.ssm_beta.weight
create_tensor: loading tensor blk.1.ssm_alpha.weight
create_tensor: loading tensor blk.1.ssm_norm.weight
create_tensor: loading tensor blk.1.ssm_out.weight
create_tensor: loading tensor blk.1.ffn_gate.weight
create_tensor: loading tensor blk.1.ffn_down.weight
create_tensor: loading tensor blk.1.ffn_up.weight
create_tensor: loading tensor blk.2.attn_norm.weight
create_tensor: loading tensor blk.2.post_attention_norm.weight
create_tensor: loading tensor blk.2.attn_qkv.weight
create_tensor: loading tensor blk.2.attn_gate.weight
create_tensor: loading tensor blk.2.ssm_conv1d.weight
create_tensor: loading tensor blk.2.ssm_dt.bias
create_tensor: loading tensor blk.2.ssm_a
create_tensor: loading tensor blk.2.ssm_beta.weight
create_tensor: loading tensor blk.2.ssm_alpha.weight
create_tensor: loading tensor blk.2.ssm_norm.weight
create_tensor: loading tensor blk.2.ssm_out.weight
create_tensor: loading tensor blk.2.ffn_gate.weight
create_tensor: loading tensor blk.2.ffn_down.weight
create_tensor: loading tensor blk.2.ffn_up.weight
create_tensor: loading tensor blk.3.attn_norm.weight
create_tensor: loading tensor blk.3.post_attention_norm.weight
create_tensor: loading tensor blk.3.attn_qkv.weight
create_tensor: loading tensor blk.3.attn_q.weight
create_tensor: loading tensor blk.3.attn_k.weight
create_tensor: loading tensor blk.3.attn_v.weight
create_tensor: loading tensor blk.3.attn_q.bias
create_tensor: loading tensor blk.3.attn_k.bias
create_tensor: loading tensor blk.3.attn_v.bias
create_tensor: loading tensor blk.3.attn_output.weight
create_tensor: loading tensor blk.3.attn_q_norm.weight
create_tensor: loading tensor blk.3.attn_k_norm.weight
create_tensor: loading tensor blk.3.ffn_gate.weight
create_tensor: loading tensor blk.3.ffn_down.weight
create_tensor: loading tensor blk.3.ffn_up.weight
create_tensor: loading tensor blk.4.attn_norm.weight
create_tensor: loading tensor blk.4.post_attention_norm.weight
create_tensor: loading tensor blk.4.attn_qkv.weight
create_tensor: loading tensor blk.4.attn_gate.weight
create_tensor: loading tensor blk.4.ssm_conv1d.weight
create_tensor: loading tensor blk.4.ssm_dt.bias
create_tensor: loading tensor blk.4.ssm_a
create_tensor: loading tensor blk.4.ssm_beta.weight
create_tensor: loading tensor blk.4.ssm_alpha.weight
create_tensor: loading tensor blk.4.ssm_norm.weight
create_tensor: loading tensor blk.4.ssm_out.weight
create_tensor: loading tensor blk.4.ffn_gate.weight
create_tensor: loading tensor blk.4.ffn_down.weight
create_tensor: loading tensor blk.4.ffn_up.weight
create_tensor: loading tensor blk.5.attn_norm.weight
create_tensor: loading tensor blk.5.post_attention_norm.weight
create_tensor: loading tensor blk.5.attn_qkv.weight
create_tensor: loading tensor blk.5.attn_gate.weight
create_tensor: loading tensor blk.5.ssm_conv1d.weight
create_tensor: loading tensor blk.5.ssm_dt.bias
create_tensor: loading tensor blk.5.ssm_a
create_tensor: loading tensor blk.5.ssm_beta.weight
create_tensor: loading tensor blk.5.ssm_alpha.weight
create_tensor: loading tensor blk.5.ssm_norm.weight
create_tensor: loading tensor blk.5.ssm_out.weight
create_tensor: loading tensor blk.5.ffn_gate.weight
create_tensor: loading tensor blk.5.ffn_down.weight
create_tensor: loading tensor blk.5.ffn_up.weight
create_tensor: loading tensor blk.6.attn_norm.weight
create_tensor: loading tensor blk.6.post_attention_norm.weight
create_tensor: loading tensor blk.6.attn_qkv.weight
create_tensor: loading tensor blk.6.attn_gate.weight
create_tensor: loading tensor blk.6.ssm_conv1d.weight
create_tensor: loading tensor blk.6.ssm_dt.bias
create_tensor: loading tensor blk.6.ssm_a
create_tensor: loading tensor blk.6.ssm_beta.weight
create_tensor: loading tensor blk.6.ssm_alpha.weight
create_tensor: loading tensor blk.6.ssm_norm.weight
create_tensor: loading tensor blk.6.ssm_out.weight
create_tensor: loading tensor blk.6.ffn_gate.weight
create_tensor: loading tensor blk.6.ffn_down.weight
create_tensor: loading tensor blk.6.ffn_up.weight
create_tensor: loading tensor blk.7.attn_norm.weight
create_tensor: loading tensor blk.7.post_attention_norm.weight
create_tensor: loading tensor blk.7.attn_qkv.weight
create_tensor: loading tensor blk.7.attn_q.weight
create_tensor: loading tensor blk.7.attn_k.weight
create_tensor: loading tensor blk.7.attn_v.weight
create_tensor: loading tensor blk.7.attn_q.bias
create_tensor: loading tensor blk.7.attn_k.bias
create_tensor: loading tensor blk.7.attn_v.bias
create_tensor: loading tensor blk.7.attn_output.weight
create_tensor: loading tensor blk.7.attn_q_norm.weight
create_tensor: loading tensor blk.7.attn_k_norm.weight
create_tensor: loading tensor blk.7.ffn_gate.weight
create_tensor: loading tensor blk.7.ffn_down.weight
create_tensor: loading tensor blk.7.ffn_up.weight
create_tensor: loading tensor blk.8.attn_norm.weight
create_tensor: loading tensor blk.8.post_attention_norm.weight
create_tensor: loading tensor blk.8.attn_qkv.weight
create_tensor: loading tensor blk.8.attn_gate.weight
create_tensor: loading tensor blk.8.ssm_conv1d.weight
create_tensor: loading tensor blk.8.ssm_dt.bias
create_tensor: loading tensor blk.8.ssm_a
create_tensor: loading tensor blk.8.ssm_beta.weight
create_tensor: loading tensor blk.8.ssm_alpha.weight
create_tensor: loading tensor blk.8.ssm_norm.weight
create_tensor: loading tensor blk.8.ssm_out.weight
create_tensor: loading tensor blk.8.ffn_gate.weight
create_tensor: loading tensor blk.8.ffn_down.weight
create_tensor: loading tensor blk.8.ffn_up.weight
create_tensor: loading tensor blk.9.attn_norm.weight
create_tensor: loading tensor blk.9.post_attention_norm.weight
create_tensor: loading tensor blk.9.attn_qkv.weight
create_tensor: loading tensor blk.9.attn_gate.weight
create_tensor: loading tensor blk.9.ssm_conv1d.weight
create_tensor: loading tensor blk.9.ssm_dt.bias
create_tensor: loading tensor blk.9.ssm_a
create_tensor: loading tensor blk.9.ssm_beta.weight
create_tensor: loading tensor blk.9.ssm_alpha.weight
create_tensor: loading tensor blk.9.ssm_norm.weight
create_tensor: loading tensor blk.9.ssm_out.weight
create_tensor: loading tensor blk.9.ffn_gate.weight
create_tensor: loading tensor blk.9.ffn_down.weight
create_tensor: loading tensor blk.9.ffn_up.weight
create_tensor: loading tensor blk.10.attn_norm.weight
create_tensor: loading tensor blk.10.post_attention_norm.weight
create_tensor: loading tensor blk.10.attn_qkv.weight
create_tensor: loading tensor blk.10.attn_gate.weight
create_tensor: loading tensor blk.10.ssm_conv1d.weight
create_tensor: loading tensor blk.10.ssm_dt.bias
create_tensor: loading tensor blk.10.ssm_a
create_tensor: loading tensor blk.10.ssm_beta.weight
create_tensor: loading tensor blk.10.ssm_alpha.weight
create_tensor: loading tensor blk.10.ssm_norm.weight
create_tensor: loading tensor blk.10.ssm_out.weight
create_tensor: loading tensor blk.10.ffn_gate.weight
create_tensor: loading tensor blk.10.ffn_down.weight
create_tensor: loading tensor blk.10.ffn_up.weight
create_tensor: loading tensor blk.11.attn_norm.weight
create_tensor: loading tensor blk.11.post_attention_norm.weight
create_tensor: loading tensor blk.11.attn_qkv.weight
create_tensor: loading tensor blk.11.attn_q.weight
create_tensor: loading tensor blk.11.attn_k.weight
create_tensor: loading tensor blk.11.attn_v.weight
create_tensor: loading tensor blk.11.attn_q.bias
create_tensor: loading tensor blk.11.attn_k.bias
create_tensor: loading tensor blk.11.attn_v.bias
create_tensor: loading tensor blk.11.attn_output.weight
create_tensor: loading tensor blk.11.attn_q_norm.weight
create_tensor: loading tensor blk.11.attn_k_norm.weight
create_tensor: loading tensor blk.11.ffn_gate.weight
create_tensor: loading tensor blk.11.ffn_down.weight
create_tensor: loading tensor blk.11.ffn_up.weight
create_tensor: loading tensor blk.12.attn_norm.weight
create_tensor: loading tensor blk.12.post_attention_norm.weight
create_tensor: loading tensor blk.12.attn_qkv.weight
create_tensor: loading tensor blk.12.attn_gate.weight
create_tensor: loading tensor blk.12.ssm_conv1d.weight
create_tensor: loading tensor blk.12.ssm_dt.bias
create_tensor: loading tensor blk.12.ssm_a
create_tensor: loading tensor blk.12.ssm_beta.weight
create_tensor: loading tensor blk.12.ssm_alpha.weight
create_tensor: loading tensor blk.12.ssm_norm.weight
create_tensor: loading tensor blk.12.ssm_out.weight
create_tensor: loading tensor blk.12.ffn_gate.weight
create_tensor: loading tensor blk.12.ffn_down.weight
create_tensor: loading tensor blk.12.ffn_up.weight
create_tensor: loading tensor blk.13.attn_norm.weight
create_tensor: loading tensor blk.13.post_attention_norm.weight
create_tensor: loading tensor blk.13.attn_qkv.weight
create_tensor: loading tensor blk.13.attn_gate.weight
create_tensor: loading tensor blk.13.ssm_conv1d.weight
create_tensor: loading tensor blk.13.ssm_dt.bias
create_tensor: loading tensor blk.13.ssm_a
create_tensor: loading tensor blk.13.ssm_beta.weight
create_tensor: loading tensor blk.13.ssm_alpha.weight
create_tensor: loading tensor blk.13.ssm_norm.weight
create_tensor: loading tensor blk.13.ssm_out.weight
create_tensor: loading tensor blk.13.ffn_gate.weight
create_tensor: loading tensor blk.13.ffn_down.weight
create_tensor: loading tensor blk.13.ffn_up.weight
create_tensor: loading tensor blk.14.attn_norm.weight
create_tensor: loading tensor blk.14.post_attention_norm.weight
create_tensor: loading tensor blk.14.attn_qkv.weight
create_tensor: loading tensor blk.14.attn_gate.weight
create_tensor: loading tensor blk.14.ssm_conv1d.weight
create_tensor: loading tensor blk.14.ssm_dt.bias
create_tensor: loading tensor blk.14.ssm_a
create_tensor: loading tensor blk.14.ssm_beta.weight
create_tensor: loading tensor blk.14.ssm_alpha.weight
create_tensor: loading tensor blk.14.ssm_norm.weight
create_tensor: loading tensor blk.14.ssm_out.weight
create_tensor: loading tensor blk.14.ffn_gate.weight
create_tensor: loading tensor blk.14.ffn_down.weight
create_tensor: loading tensor blk.14.ffn_up.weight
create_tensor: loading tensor blk.15.attn_norm.weight
create_tensor: loading tensor blk.15.post_attention_norm.weight
create_tensor: loading tensor blk.15.attn_qkv.weight
create_tensor: loading tensor blk.15.attn_q.weight
create_tensor: loading tensor blk.15.attn_k.weight
create_tensor: loading tensor blk.15.attn_v.weight
create_tensor: loading tensor blk.15.attn_q.bias
create_tensor: loading tensor blk.15.attn_k.bias
create_tensor: loading tensor blk.15.attn_v.bias
create_tensor: loading tensor blk.15.attn_output.weight
create_tensor: loading tensor blk.15.attn_q_norm.weight
create_tensor: loading tensor blk.15.attn_k_norm.weight
create_tensor: loading tensor blk.15.ffn_gate.weight
create_tensor: loading tensor blk.15.ffn_down.weight
create_tensor: loading tensor blk.15.ffn_up.weight
create_tensor: loading tensor blk.16.attn_norm.weight
create_tensor: loading tensor blk.16.post_attention_norm.weight
create_tensor: loading tensor blk.16.attn_qkv.weight
create_tensor: loading tensor blk.16.attn_gate.weight
create_tensor: loading tensor blk.16.ssm_conv1d.weight
create_tensor: loading tensor blk.16.ssm_dt.bias
create_tensor: loading tensor blk.16.ssm_a
create_tensor: loading tensor blk.16.ssm_beta.weight
create_tensor: loading tensor blk.16.ssm_alpha.weight
create_tensor: loading tensor blk.16.ssm_norm.weight
create_tensor: loading tensor blk.16.ssm_out.weight
create_tensor: loading tensor blk.16.ffn_gate.weight
create_tensor: loading tensor blk.16.ffn_down.weight
create_tensor: loading tensor blk.16.ffn_up.weight
create_tensor: loading tensor blk.17.attn_norm.weight
create_tensor: loading tensor blk.17.post_attention_norm.weight
create_tensor: loading tensor blk.17.attn_qkv.weight
create_tensor: loading tensor blk.17.attn_gate.weight
create_tensor: loading tensor blk.17.ssm_conv1d.weight
create_tensor: loading tensor blk.17.ssm_dt.bias
create_tensor: loading tensor blk.17.ssm_a
create_tensor: loading tensor blk.17.ssm_beta.weight
create_tensor: loading tensor blk.17.ssm_alpha.weight
create_tensor: loading tensor blk.17.ssm_norm.weight
create_tensor: loading tensor blk.17.ssm_out.weight
create_tensor: loading tensor blk.17.ffn_gate.weight
create_tensor: loading tensor blk.17.ffn_down.weight
create_tensor: loading tensor blk.17.ffn_up.weight
create_tensor: loading tensor blk.18.attn_norm.weight
create_tensor: loading tensor blk.18.post_attention_norm.weight
create_tensor: loading tensor blk.18.attn_qkv.weight
create_tensor: loading tensor blk.18.attn_gate.weight
create_tensor: loading tensor blk.18.ssm_conv1d.weight
create_tensor: loading tensor blk.18.ssm_dt.bias
create_tensor: loading tensor blk.18.ssm_a
create_tensor: loading tensor blk.18.ssm_beta.weight
create_tensor: loading tensor blk.18.ssm_alpha.weight
create_tensor: loading tensor blk.18.ssm_norm.weight
create_tensor: loading tensor blk.18.ssm_out.weight
create_tensor: loading tensor blk.18.ffn_gate.weight
create_tensor: loading tensor blk.18.ffn_down.weight
create_tensor: loading tensor blk.18.ffn_up.weight
create_tensor: loading tensor blk.19.attn_norm.weight
create_tensor: loading tensor blk.19.post_attention_norm.weight
create_tensor: loading tensor blk.19.attn_qkv.weight
create_tensor: loading tensor blk.19.attn_q.weight
create_tensor: loading tensor blk.19.attn_k.weight
create_tensor: loading tensor blk.19.attn_v.weight
create_tensor: loading tensor blk.19.attn_q.bias
create_tensor: loading tensor blk.19.attn_k.bias
create_tensor: loading tensor blk.19.attn_v.bias
create_tensor: loading tensor blk.19.attn_output.weight
create_tensor: loading tensor blk.19.attn_q_norm.weight
create_tensor: loading tensor blk.19.attn_k_norm.weight
create_tensor: loading tensor blk.19.ffn_gate.weight
create_tensor: loading tensor blk.19.ffn_down.weight
create_tensor: loading tensor blk.19.ffn_up.weight
create_tensor: loading tensor blk.20.attn_norm.weight
create_tensor: loading tensor blk.20.post_attention_norm.weight
create_tensor: loading tensor blk.20.attn_qkv.weight
create_tensor: loading tensor blk.20.attn_gate.weight
create_tensor: loading tensor blk.20.ssm_conv1d.weight
create_tensor: loading tensor blk.20.ssm_dt.bias
create_tensor: loading tensor blk.20.ssm_a
create_tensor: loading tensor blk.20.ssm_beta.weight
create_tensor: loading tensor blk.20.ssm_alpha.weight
create_tensor: loading tensor blk.20.ssm_norm.weight
create_tensor: loading tensor blk.20.ssm_out.weight
create_tensor: loading tensor blk.20.ffn_gate.weight
create_tensor: loading tensor blk.20.ffn_down.weight
create_tensor: loading tensor blk.20.ffn_up.weight
create_tensor: loading tensor blk.21.attn_norm.weight
create_tensor: loading tensor blk.21.post_attention_norm.weight
create_tensor: loading tensor blk.21.attn_qkv.weight
create_tensor: loading tensor blk.21.attn_gate.weight
create_tensor: loading tensor blk.21.ssm_conv1d.weight
create_tensor: loading tensor blk.21.ssm_dt.bias
create_tensor: loading tensor blk.21.ssm_a
create_tensor: loading tensor blk.21.ssm_beta.weight
create_tensor: loading tensor blk.21.ssm_alpha.weight
create_tensor: loading tensor blk.21.ssm_norm.weight
create_tensor: loading tensor blk.21.ssm_out.weight
create_tensor: loading tensor blk.21.ffn_gate.weight
create_tensor: loading tensor blk.21.ffn_down.weight
create_tensor: loading tensor blk.21.ffn_up.weight
create_tensor: loading tensor blk.22.attn_norm.weight
create_tensor: loading tensor blk.22.post_attention_norm.weight
create_tensor: loading tensor blk.22.attn_qkv.weight
create_tensor: loading tensor blk.22.attn_gate.weight
create_tensor: loading tensor blk.22.ssm_conv1d.weight
create_tensor: loading tensor blk.22.ssm_dt.bias
create_tensor: loading tensor blk.22.ssm_a
create_tensor: loading tensor blk.22.ssm_beta.weight
create_tensor: loading tensor blk.22.ssm_alpha.weight
create_tensor: loading tensor blk.22.ssm_norm.weight
create_tensor: loading tensor blk.22.ssm_out.weight
create_tensor: loading tensor blk.22.ffn_gate.weight
create_tensor: loading tensor blk.22.ffn_down.weight
create_tensor: loading tensor blk.22.ffn_up.weight
create_tensor: loading tensor blk.23.attn_norm.weight
create_tensor: loading tensor blk.23.post_attention_norm.weight
create_tensor: loading tensor blk.23.attn_qkv.weight
create_tensor: loading tensor blk.23.attn_q.weight
create_tensor: loading tensor blk.23.attn_k.weight
create_tensor: loading tensor blk.23.attn_v.weight
create_tensor: loading tensor blk.23.attn_q.bias
create_tensor: loading tensor blk.23.attn_k.bias
create_tensor: loading tensor blk.23.attn_v.bias
create_tensor: loading tensor blk.23.attn_output.weight
create_tensor: loading tensor blk.23.attn_q_norm.weight
create_tensor: loading tensor blk.23.attn_k_norm.weight
create_tensor: loading tensor blk.23.ffn_gate.weight
create_tensor: loading tensor blk.23.ffn_down.weight
create_tensor: loading tensor blk.23.ffn_up.weight
create_tensor: loading tensor blk.24.attn_norm.weight
create_tensor: loading tensor blk.24.post_attention_norm.weight
create_tensor: loading tensor blk.24.attn_qkv.weight
create_tensor: loading tensor blk.24.attn_gate.weight
create_tensor: loading tensor blk.24.ssm_conv1d.weight
create_tensor: loading tensor blk.24.ssm_dt.bias
create_tensor: loading tensor blk.24.ssm_a
create_tensor: loading tensor blk.24.ssm_beta.weight
create_tensor: loading tensor blk.24.ssm_alpha.weight
create_tensor: loading tensor blk.24.ssm_norm.weight
create_tensor: loading tensor blk.24.ssm_out.weight
create_tensor: loading tensor blk.24.ffn_gate.weight
create_tensor: loading tensor blk.24.ffn_down.weight
create_tensor: loading tensor blk.24.ffn_up.weight
create_tensor: loading tensor blk.25.attn_norm.weight
create_tensor: loading tensor blk.25.post_attention_norm.weight
create_tensor: loading tensor blk.25.attn_qkv.weight
create_tensor: loading tensor blk.25.attn_gate.weight
create_tensor: loading tensor blk.25.ssm_conv1d.weight
create_tensor: loading tensor blk.25.ssm_dt.bias
create_tensor: loading tensor blk.25.ssm_a
create_tensor: loading tensor blk.25.ssm_beta.weight
create_tensor: loading tensor blk.25.ssm_alpha.weight
create_tensor: loading tensor blk.25.ssm_norm.weight
create_tensor: loading tensor blk.25.ssm_out.weight
create_tensor: loading tensor blk.25.ffn_gate.weight
create_tensor: loading tensor blk.25.ffn_down.weight
create_tensor: loading tensor blk.25.ffn_up.weight
create_tensor: loading tensor blk.26.attn_norm.weight
create_tensor: loading tensor blk.26.post_attention_norm.weight
create_tensor: loading tensor blk.26.attn_qkv.weight
create_tensor: loading tensor blk.26.attn_gate.weight
create_tensor: loading tensor blk.26.ssm_conv1d.weight
create_tensor: loading tensor blk.26.ssm_dt.bias
create_tensor: loading tensor blk.26.ssm_a
create_tensor: loading tensor blk.26.ssm_beta.weight
create_tensor: loading tensor blk.26.ssm_alpha.weight
create_tensor: loading tensor blk.26.ssm_norm.weight
create_tensor: loading tensor blk.26.ssm_out.weight
create_tensor: loading tensor blk.26.ffn_gate.weight
create_tensor: loading tensor blk.26.ffn_down.weight
create_tensor: loading tensor blk.26.ffn_up.weight
create_tensor: loading tensor blk.27.attn_norm.weight
create_tensor: loading tensor blk.27.post_attention_norm.weight
create_tensor: loading tensor blk.27.attn_qkv.weight
create_tensor: loading tensor blk.27.attn_q.weight
create_tensor: loading tensor blk.27.attn_k.weight
create_tensor: loading tensor blk.27.attn_v.weight
create_tensor: loading tensor blk.27.attn_q.bias
create_tensor: loading tensor blk.27.attn_k.bias
create_tensor: loading tensor blk.27.attn_v.bias
create_tensor: loading tensor blk.27.attn_output.weight
create_tensor: loading tensor blk.27.attn_q_norm.weight
create_tensor: loading tensor blk.27.attn_k_norm.weight
create_tensor: loading tensor blk.27.ffn_gate.weight
create_tensor: loading tensor blk.27.ffn_down.weight
create_tensor: loading tensor blk.27.ffn_up.weight
create_tensor: loading tensor blk.28.attn_norm.weight
create_tensor: loading tensor blk.28.post_attention_norm.weight
create_tensor: loading tensor blk.28.attn_qkv.weight
create_tensor: loading tensor blk.28.attn_gate.weight
create_tensor: loading tensor blk.28.ssm_conv1d.weight
create_tensor: loading tensor blk.28.ssm_dt.bias
create_tensor: loading tensor blk.28.ssm_a
create_tensor: loading tensor blk.28.ssm_beta.weight
create_tensor: loading tensor blk.28.ssm_alpha.weight
create_tensor: loading tensor blk.28.ssm_norm.weight
create_tensor: loading tensor blk.28.ssm_out.weight
create_tensor: loading tensor blk.28.ffn_gate.weight
create_tensor: loading tensor blk.28.ffn_down.weight
create_tensor: loading tensor blk.28.ffn_up.weight
create_tensor: loading tensor blk.29.attn_norm.weight
create_tensor: loading tensor blk.29.post_attention_norm.weight
create_tensor: loading tensor blk.29.attn_qkv.weight
create_tensor: loading tensor blk.29.attn_gate.weight
create_tensor: loading tensor blk.29.ssm_conv1d.weight
create_tensor: loading tensor blk.29.ssm_dt.bias
create_tensor: loading tensor blk.29.ssm_a
create_tensor: loading tensor blk.29.ssm_beta.weight
create_tensor: loading tensor blk.29.ssm_alpha.weight
create_tensor: loading tensor blk.29.ssm_norm.weight
create_tensor: loading tensor blk.29.ssm_out.weight
create_tensor: loading tensor blk.29.ffn_gate.weight
create_tensor: loading tensor blk.29.ffn_down.weight
create_tensor: loading tensor blk.29.ffn_up.weight
create_tensor: loading tensor blk.30.attn_norm.weight
create_tensor: loading tensor blk.30.post_attention_norm.weight
create_tensor: loading tensor blk.30.attn_qkv.weight
create_tensor: loading tensor blk.30.attn_gate.weight
create_tensor: loading tensor blk.30.ssm_conv1d.weight
create_tensor: loading tensor blk.30.ssm_dt.bias
create_tensor: loading tensor blk.30.ssm_a
create_tensor: loading tensor blk.30.ssm_beta.weight
create_tensor: loading tensor blk.30.ssm_alpha.weight
create_tensor: loading tensor blk.30.ssm_norm.weight
create_tensor: loading tensor blk.30.ssm_out.weight
create_tensor: loading tensor blk.30.ffn_gate.weight
create_tensor: loading tensor blk.30.ffn_down.weight
create_tensor: loading tensor blk.30.ffn_up.weight
create_tensor: loading tensor blk.31.attn_norm.weight
create_tensor: loading tensor blk.31.post_attention_norm.weight
create_tensor: loading tensor blk.31.attn_qkv.weight
create_tensor: loading tensor blk.31.attn_q.weight
create_tensor: loading tensor blk.31.attn_k.weight
create_tensor: loading tensor blk.31.attn_v.weight
create_tensor: loading tensor blk.31.attn_q.bias
create_tensor: loading tensor blk.31.attn_k.bias
create_tensor: loading tensor blk.31.attn_v.bias
create_tensor: loading tensor blk.31.attn_output.weight
create_tensor: loading tensor blk.31.attn_q_norm.weight
create_tensor: loading tensor blk.31.attn_k_norm.weight
create_tensor: loading tensor blk.31.ffn_gate.weight
create_tensor: loading tensor blk.31.ffn_down.weight
create_tensor: loading tensor blk.31.ffn_up.weight
create_tensor: loading tensor blk.32.attn_norm.weight
create_tensor: loading tensor blk.32.post_attention_norm.weight
create_tensor: loading tensor blk.32.attn_qkv.weight
create_tensor: loading tensor blk.32.attn_gate.weight
create_tensor: loading tensor blk.32.ssm_conv1d.weight
create_tensor: loading tensor blk.32.ssm_dt.bias
create_tensor: loading tensor blk.32.ssm_a
create_tensor: loading tensor blk.32.ssm_beta.weight
create_tensor: loading tensor blk.32.ssm_alpha.weight
create_tensor: loading tensor blk.32.ssm_norm.weight
create_tensor: loading tensor blk.32.ssm_out.weight
create_tensor: loading tensor blk.32.ffn_gate.weight
create_tensor: loading tensor blk.32.ffn_down.weight
create_tensor: loading tensor blk.32.ffn_up.weight
create_tensor: loading tensor blk.33.attn_norm.weight
create_tensor: loading tensor blk.33.post_attention_norm.weight
create_tensor: loading tensor blk.33.attn_qkv.weight
create_tensor: loading tensor blk.33.attn_gate.weight
create_tensor: loading tensor blk.33.ssm_conv1d.weight
create_tensor: loading tensor blk.33.ssm_dt.bias
create_tensor: loading tensor blk.33.ssm_a
create_tensor: loading tensor blk.33.ssm_beta.weight
create_tensor: loading tensor blk.33.ssm_alpha.weight
create_tensor: loading tensor blk.33.ssm_norm.weight
create_tensor: loading tensor blk.33.ssm_out.weight
create_tensor: loading tensor blk.33.ffn_gate.weight
create_tensor: loading tensor blk.33.ffn_down.weight
create_tensor: loading tensor blk.33.ffn_up.weight
create_tensor: loading tensor blk.34.attn_norm.weight
create_tensor: loading tensor blk.34.post_attention_norm.weight
create_tensor: loading tensor blk.34.attn_qkv.weight
create_tensor: loading tensor blk.34.attn_gate.weight
create_tensor: loading tensor blk.34.ssm_conv1d.weight
create_tensor: loading tensor blk.34.ssm_dt.bias
create_tensor: loading tensor blk.34.ssm_a
create_tensor: loading tensor blk.34.ssm_beta.weight
create_tensor: loading tensor blk.34.ssm_alpha.weight
create_tensor: loading tensor blk.34.ssm_norm.weight
create_tensor: loading tensor blk.34.ssm_out.weight
create_tensor: loading tensor blk.34.ffn_gate.weight
create_tensor: loading tensor blk.34.ffn_down.weight
create_tensor: loading tensor blk.34.ffn_up.weight
create_tensor: loading tensor blk.35.attn_norm.weight
create_tensor: loading tensor blk.35.post_attention_norm.weight
create_tensor: loading tensor blk.35.attn_qkv.weight
create_tensor: loading tensor blk.35.attn_q.weight
create_tensor: loading tensor blk.35.attn_k.weight
create_tensor: loading tensor blk.35.attn_v.weight
create_tensor: loading tensor blk.35.attn_q.bias
create_tensor: loading tensor blk.35.attn_k.bias
create_tensor: loading tensor blk.35.attn_v.bias
create_tensor: loading tensor blk.35.attn_output.weight
create_tensor: loading tensor blk.35.attn_q_norm.weight
create_tensor: loading tensor blk.35.attn_k_norm.weight
create_tensor: loading tensor blk.35.ffn_gate.weight
create_tensor: loading tensor blk.35.ffn_down.weight
create_tensor: loading tensor blk.35.ffn_up.weight
create_tensor: loading tensor blk.36.attn_norm.weight
create_tensor: loading tensor blk.36.post_attention_norm.weight
create_tensor: loading tensor blk.36.attn_qkv.weight
create_tensor: loading tensor blk.36.attn_gate.weight
create_tensor: loading tensor blk.36.ssm_conv1d.weight
create_tensor: loading tensor blk.36.ssm_dt.bias
create_tensor: loading tensor blk.36.ssm_a
create_tensor: loading tensor blk.36.ssm_beta.weight
create_tensor: loading tensor blk.36.ssm_alpha.weight
create_tensor: loading tensor blk.36.ssm_norm.weight
create_tensor: loading tensor blk.36.ssm_out.weight
create_tensor: loading tensor blk.36.ffn_gate.weight
create_tensor: loading tensor blk.36.ffn_down.weight
create_tensor: loading tensor blk.36.ffn_up.weight
create_tensor: loading tensor blk.37.attn_norm.weight
create_tensor: loading tensor blk.37.post_attention_norm.weight
create_tensor: loading tensor blk.37.attn_qkv.weight
create_tensor: loading tensor blk.37.attn_gate.weight
create_tensor: loading tensor blk.37.ssm_conv1d.weight
create_tensor: loading tensor blk.37.ssm_dt.bias
create_tensor: loading tensor blk.37.ssm_a
create_tensor: loading tensor blk.37.ssm_beta.weight
create_tensor: loading tensor blk.37.ssm_alpha.weight
create_tensor: loading tensor blk.37.ssm_norm.weight
create_tensor: loading tensor blk.37.ssm_out.weight
create_tensor: loading tensor blk.37.ffn_gate.weight
create_tensor: loading tensor blk.37.ffn_down.weight
create_tensor: loading tensor blk.37.ffn_up.weight
create_tensor: loading tensor blk.38.attn_norm.weight
create_tensor: loading tensor blk.38.post_attention_norm.weight
create_tensor: loading tensor blk.38.attn_qkv.weight
create_tensor: loading tensor blk.38.attn_gate.weight
create_tensor: loading tensor blk.38.ssm_conv1d.weight
create_tensor: loading tensor blk.38.ssm_dt.bias
create_tensor: loading tensor blk.38.ssm_a
create_tensor: loading tensor blk.38.ssm_beta.weight
create_tensor: loading tensor blk.38.ssm_alpha.weight
create_tensor: loading tensor blk.38.ssm_norm.weight
create_tensor: loading tensor blk.38.ssm_out.weight
create_tensor: loading tensor blk.38.ffn_gate.weight
create_tensor: loading tensor blk.38.ffn_down.weight
create_tensor: loading tensor blk.38.ffn_up.weight
create_tensor: loading tensor blk.39.attn_norm.weight
create_tensor: loading tensor blk.39.post_attention_norm.weight
create_tensor: loading tensor blk.39.attn_qkv.weight
create_tensor: loading tensor blk.39.attn_q.weight
create_tensor: loading tensor blk.39.attn_k.weight
create_tensor: loading tensor blk.39.attn_v.weight
create_tensor: loading tensor blk.39.attn_q.bias
create_tensor: loading tensor blk.39.attn_k.bias
create_tensor: loading tensor blk.39.attn_v.bias
create_tensor: loading tensor blk.39.attn_output.weight
create_tensor: loading tensor blk.39.attn_q_norm.weight
create_tensor: loading tensor blk.39.attn_k_norm.weight
create_tensor: loading tensor blk.39.ffn_gate.weight
create_tensor: loading tensor blk.39.ffn_down.weight
create_tensor: loading tensor blk.39.ffn_up.weight
create_tensor: loading tensor blk.40.attn_norm.weight
create_tensor: loading tensor blk.40.post_attention_norm.weight
create_tensor: loading tensor blk.40.attn_qkv.weight
create_tensor: loading tensor blk.40.attn_gate.weight
create_tensor: loading tensor blk.40.ssm_conv1d.weight
create_tensor: loading tensor blk.40.ssm_dt.bias
create_tensor: loading tensor blk.40.ssm_a
create_tensor: loading tensor blk.40.ssm_beta.weight
create_tensor: loading tensor blk.40.ssm_alpha.weight
create_tensor: loading tensor blk.40.ssm_norm.weight
create_tensor: loading tensor blk.40.ssm_out.weight
create_tensor: loading tensor blk.40.ffn_gate.weight
create_tensor: loading tensor blk.40.ffn_down.weight
create_tensor: loading tensor blk.40.ffn_up.weight
create_tensor: loading tensor blk.41.attn_norm.weight
create_tensor: loading tensor blk.41.post_attention_norm.weight
create_tensor: loading tensor blk.41.attn_qkv.weight
create_tensor: loading tensor blk.41.attn_gate.weight
create_tensor: loading tensor blk.41.ssm_conv1d.weight
create_tensor: loading tensor blk.41.ssm_dt.bias
create_tensor: loading tensor blk.41.ssm_a
create_tensor: loading tensor blk.41.ssm_beta.weight
create_tensor: loading tensor blk.41.ssm_alpha.weight
create_tensor: loading tensor blk.41.ssm_norm.weight
create_tensor: loading tensor blk.41.ssm_out.weight
create_tensor: loading tensor blk.41.ffn_gate.weight
create_tensor: loading tensor blk.41.ffn_down.weight
create_tensor: loading tensor blk.41.ffn_up.weight
create_tensor: loading tensor blk.42.attn_norm.weight
create_tensor: loading tensor blk.42.post_attention_norm.weight
create_tensor: loading tensor blk.42.attn_qkv.weight
create_tensor: loading tensor blk.42.attn_gate.weight
create_tensor: loading tensor blk.42.ssm_conv1d.weight
create_tensor: loading tensor blk.42.ssm_dt.bias
create_tensor: loading tensor blk.42.ssm_a
create_tensor: loading tensor blk.42.ssm_beta.weight
create_tensor: loading tensor blk.42.ssm_alpha.weight
create_tensor: loading tensor blk.42.ssm_norm.weight
create_tensor: loading tensor blk.42.ssm_out.weight
create_tensor: loading tensor blk.42.ffn_gate.weight
create_tensor: loading tensor blk.42.ffn_down.weight
create_tensor: loading tensor blk.42.ffn_up.weight
create_tensor: loading tensor blk.43.attn_norm.weight
create_tensor: loading tensor blk.43.post_attention_norm.weight
create_tensor: loading tensor blk.43.attn_qkv.weight
create_tensor: loading tensor blk.43.attn_q.weight
create_tensor: loading tensor blk.43.attn_k.weight
create_tensor: loading tensor blk.43.attn_v.weight
create_tensor: loading tensor blk.43.attn_q.bias
create_tensor: loading tensor blk.43.attn_k.bias
create_tensor: loading tensor blk.43.attn_v.bias
create_tensor: loading tensor blk.43.attn_output.weight
create_tensor: loading tensor blk.43.attn_q_norm.weight
create_tensor: loading tensor blk.43.attn_k_norm.weight
create_tensor: loading tensor blk.43.ffn_gate.weight
create_tensor: loading tensor blk.43.ffn_down.weight
create_tensor: loading tensor blk.43.ffn_up.weight
create_tensor: loading tensor blk.44.attn_norm.weight
create_tensor: loading tensor blk.44.post_attention_norm.weight
create_tensor: loading tensor blk.44.attn_qkv.weight
create_tensor: loading tensor blk.44.attn_gate.weight
create_tensor: loading tensor blk.44.ssm_conv1d.weight
create_tensor: loading tensor blk.44.ssm_dt.bias
create_tensor: loading tensor blk.44.ssm_a
create_tensor: loading tensor blk.44.ssm_beta.weight
create_tensor: loading tensor blk.44.ssm_alpha.weight
create_tensor: loading tensor blk.44.ssm_norm.weight
create_tensor: loading tensor blk.44.ssm_out.weight
create_tensor: loading tensor blk.44.ffn_gate.weight
create_tensor: loading tensor blk.44.ffn_down.weight
create_tensor: loading tensor blk.44.ffn_up.weight
create_tensor: loading tensor blk.45.attn_norm.weight
create_tensor: loading tensor blk.45.post_attention_norm.weight
create_tensor: loading tensor blk.45.attn_qkv.weight
create_tensor: loading tensor blk.45.attn_gate.weight
create_tensor: loading tensor blk.45.ssm_conv1d.weight
create_tensor: loading tensor blk.45.ssm_dt.bias
create_tensor: loading tensor blk.45.ssm_a
create_tensor: loading tensor blk.45.ssm_beta.weight
create_tensor: loading tensor blk.45.ssm_alpha.weight
create_tensor: loading tensor blk.45.ssm_norm.weight
create_tensor: loading tensor blk.45.ssm_out.weight
create_tensor: loading tensor blk.45.ffn_gate.weight
create_tensor: loading tensor blk.45.ffn_down.weight
create_tensor: loading tensor blk.45.ffn_up.weight
create_tensor: loading tensor blk.46.attn_norm.weight
create_tensor: loading tensor blk.46.post_attention_norm.weight
create_tensor: loading tensor blk.46.attn_qkv.weight
create_tensor: loading tensor blk.46.attn_gate.weight
create_tensor: loading tensor blk.46.ssm_conv1d.weight
create_tensor: loading tensor blk.46.ssm_dt.bias
create_tensor: loading tensor blk.46.ssm_a
create_tensor: loading tensor blk.46.ssm_beta.weight
create_tensor: loading tensor blk.46.ssm_alpha.weight
create_tensor: loading tensor blk.46.ssm_norm.weight
create_tensor: loading tensor blk.46.ssm_out.weight
create_tensor: loading tensor blk.46.ffn_gate.weight
create_tensor: loading tensor blk.46.ffn_down.weight
create_tensor: loading tensor blk.46.ffn_up.weight
create_tensor: loading tensor blk.47.attn_norm.weight
create_tensor: loading tensor blk.47.post_attention_norm.weight
create_tensor: loading tensor blk.47.attn_qkv.weight
create_tensor: loading tensor blk.47.attn_q.weight
create_tensor: loading tensor blk.47.attn_k.weight
create_tensor: loading tensor blk.47.attn_v.weight
create_tensor: loading tensor blk.47.attn_q.bias
create_tensor: loading tensor blk.47.attn_k.bias
create_tensor: loading tensor blk.47.attn_v.bias
create_tensor: loading tensor blk.47.attn_output.weight
create_tensor: loading tensor blk.47.attn_q_norm.weight
create_tensor: loading tensor blk.47.attn_k_norm.weight
create_tensor: loading tensor blk.47.ffn_gate.weight
create_tensor: loading tensor blk.47.ffn_down.weight
create_tensor: loading tensor blk.47.ffn_up.weight
create_tensor: loading tensor blk.48.attn_norm.weight
create_tensor: loading tensor blk.48.post_attention_norm.weight
create_tensor: loading tensor blk.48.attn_qkv.weight
create_tensor: loading tensor blk.48.attn_gate.weight
create_tensor: loading tensor blk.48.ssm_conv1d.weight
create_tensor: loading tensor blk.48.ssm_dt.bias
create_tensor: loading tensor blk.48.ssm_a
create_tensor: loading tensor blk.48.ssm_beta.weight
create_tensor: loading tensor blk.48.ssm_alpha.weight
create_tensor: loading tensor blk.48.ssm_norm.weight
create_tensor: loading tensor blk.48.ssm_out.weight
create_tensor: loading tensor blk.48.ffn_gate.weight
create_tensor: loading tensor blk.48.ffn_down.weight
create_tensor: loading tensor blk.48.ffn_up.weight
create_tensor: loading tensor blk.49.attn_norm.weight
create_tensor: loading tensor blk.49.post_attention_norm.weight
create_tensor: loading tensor blk.49.attn_qkv.weight
create_tensor: loading tensor blk.49.attn_gate.weight
create_tensor: loading tensor blk.49.ssm_conv1d.weight
create_tensor: loading tensor blk.49.ssm_dt.bias
create_tensor: loading tensor blk.49.ssm_a
create_tensor: loading tensor blk.49.ssm_beta.weight
create_tensor: loading tensor blk.49.ssm_alpha.weight
create_tensor: loading tensor blk.49.ssm_norm.weight
create_tensor: loading tensor blk.49.ssm_out.weight
create_tensor: loading tensor blk.49.ffn_gate.weight
create_tensor: loading tensor blk.49.ffn_down.weight
create_tensor: loading tensor blk.49.ffn_up.weight
create_tensor: loading tensor blk.50.attn_norm.weight
create_tensor: loading tensor blk.50.post_attention_norm.weight
create_tensor: loading tensor blk.50.attn_qkv.weight
create_tensor: loading tensor blk.50.attn_gate.weight
create_tensor: loading tensor blk.50.ssm_conv1d.weight
create_tensor: loading tensor blk.50.ssm_dt.bias
create_tensor: loading tensor blk.50.ssm_a
create_tensor: loading tensor blk.50.ssm_beta.weight
create_tensor: loading tensor blk.50.ssm_alpha.weight
create_tensor: loading tensor blk.50.ssm_norm.weight
create_tensor: loading tensor blk.50.ssm_out.weight
create_tensor: loading tensor blk.50.ffn_gate.weight
create_tensor: loading tensor blk.50.ffn_down.weight
create_tensor: loading tensor blk.50.ffn_up.weight
create_tensor: loading tensor blk.51.attn_norm.weight
create_tensor: loading tensor blk.51.post_attention_norm.weight
create_tensor: loading tensor blk.51.attn_qkv.weight
create_tensor: loading tensor blk.51.attn_q.weight
create_tensor: loading tensor blk.51.attn_k.weight
create_tensor: loading tensor blk.51.attn_v.weight
create_tensor: loading tensor blk.51.attn_q.bias
create_tensor: loading tensor blk.51.attn_k.bias
create_tensor: loading tensor blk.51.attn_v.bias
create_tensor: loading tensor blk.51.attn_output.weight
create_tensor: loading tensor blk.51.attn_q_norm.weight
create_tensor: loading tensor blk.51.attn_k_norm.weight
create_tensor: loading tensor blk.51.ffn_gate.weight
create_tensor: loading tensor blk.51.ffn_down.weight
create_tensor: loading tensor blk.51.ffn_up.weight
create_tensor: loading tensor blk.52.attn_norm.weight
create_tensor: loading tensor blk.52.post_attention_norm.weight
create_tensor: loading tensor blk.52.attn_qkv.weight
create_tensor: loading tensor blk.52.attn_gate.weight
create_tensor: loading tensor blk.52.ssm_conv1d.weight
create_tensor: loading tensor blk.52.ssm_dt.bias
create_tensor: loading tensor blk.52.ssm_a
create_tensor: loading tensor blk.52.ssm_beta.weight
create_tensor: loading tensor blk.52.ssm_alpha.weight
create_tensor: loading tensor blk.52.ssm_norm.weight
create_tensor: loading tensor blk.52.ssm_out.weight
create_tensor: loading tensor blk.52.ffn_gate.weight
create_tensor: loading tensor blk.52.ffn_down.weight
create_tensor: loading tensor blk.52.ffn_up.weight
create_tensor: loading tensor blk.53.attn_norm.weight
create_tensor: loading tensor blk.53.post_attention_norm.weight
create_tensor: loading tensor blk.53.attn_qkv.weight
create_tensor: loading tensor blk.53.attn_gate.weight
create_tensor: loading tensor blk.53.ssm_conv1d.weight
create_tensor: loading tensor blk.53.ssm_dt.bias
create_tensor: loading tensor blk.53.ssm_a
create_tensor: loading tensor blk.53.ssm_beta.weight
create_tensor: loading tensor blk.53.ssm_alpha.weight
create_tensor: loading tensor blk.53.ssm_norm.weight
create_tensor: loading tensor blk.53.ssm_out.weight
create_tensor: loading tensor blk.53.ffn_gate.weight
create_tensor: loading tensor blk.53.ffn_down.weight
create_tensor: loading tensor blk.53.ffn_up.weight
create_tensor: loading tensor blk.54.attn_norm.weight
create_tensor: loading tensor blk.54.post_attention_norm.weight
create_tensor: loading tensor blk.54.attn_qkv.weight
create_tensor: loading tensor blk.54.attn_gate.weight
create_tensor: loading tensor blk.54.ssm_conv1d.weight
create_tensor: loading tensor blk.54.ssm_dt.bias
create_tensor: loading tensor blk.54.ssm_a
create_tensor: loading tensor blk.54.ssm_beta.weight
create_tensor: loading tensor blk.54.ssm_alpha.weight
create_tensor: loading tensor blk.54.ssm_norm.weight
create_tensor: loading tensor blk.54.ssm_out.weight
create_tensor: loading tensor blk.54.ffn_gate.weight
create_tensor: loading tensor blk.54.ffn_down.weight
create_tensor: loading tensor blk.54.ffn_up.weight
create_tensor: loading tensor blk.55.attn_norm.weight
create_tensor: loading tensor blk.55.post_attention_norm.weight
create_tensor: loading tensor blk.55.attn_qkv.weight
create_tensor: loading tensor blk.55.attn_q.weight
create_tensor: loading tensor blk.55.attn_k.weight
create_tensor: loading tensor blk.55.attn_v.weight
create_tensor: loading tensor blk.55.attn_q.bias
create_tensor: loading tensor blk.55.attn_k.bias
create_tensor: loading tensor blk.55.attn_v.bias
create_tensor: loading tensor blk.55.attn_output.weight
create_tensor: loading tensor blk.55.attn_q_norm.weight
create_tensor: loading tensor blk.55.attn_k_norm.weight
create_tensor: loading tensor blk.55.ffn_gate.weight
create_tensor: loading tensor blk.55.ffn_down.weight
create_tensor: loading tensor blk.55.ffn_up.weight
create_tensor: loading tensor blk.56.attn_norm.weight
create_tensor: loading tensor blk.56.post_attention_norm.weight
create_tensor: loading tensor blk.56.attn_qkv.weight
create_tensor: loading tensor blk.56.attn_gate.weight
create_tensor: loading tensor blk.56.ssm_conv1d.weight
create_tensor: loading tensor blk.56.ssm_dt.bias
create_tensor: loading tensor blk.56.ssm_a
create_tensor: loading tensor blk.56.ssm_beta.weight
create_tensor: loading tensor blk.56.ssm_alpha.weight
create_tensor: loading tensor blk.56.ssm_norm.weight
create_tensor: loading tensor blk.56.ssm_out.weight
create_tensor: loading tensor blk.56.ffn_gate.weight
create_tensor: loading tensor blk.56.ffn_down.weight
create_tensor: loading tensor blk.56.ffn_up.weight
create_tensor: loading tensor blk.57.attn_norm.weight
create_tensor: loading tensor blk.57.post_attention_norm.weight
create_tensor: loading tensor blk.57.attn_qkv.weight
create_tensor: loading tensor blk.57.attn_gate.weight
create_tensor: loading tensor blk.57.ssm_conv1d.weight
create_tensor: loading tensor blk.57.ssm_dt.bias
create_tensor: loading tensor blk.57.ssm_a
create_tensor: loading tensor blk.57.ssm_beta.weight
create_tensor: loading tensor blk.57.ssm_alpha.weight
create_tensor: loading tensor blk.57.ssm_norm.weight
create_tensor: loading tensor blk.57.ssm_out.weight
create_tensor: loading tensor blk.57.ffn_gate.weight
create_tensor: loading tensor blk.57.ffn_down.weight
create_tensor: loading tensor blk.57.ffn_up.weight
create_tensor: loading tensor blk.58.attn_norm.weight
create_tensor: loading tensor blk.58.post_attention_norm.weight
create_tensor: loading tensor blk.58.attn_qkv.weight
create_tensor: loading tensor blk.58.attn_gate.weight
create_tensor: loading tensor blk.58.ssm_conv1d.weight
create_tensor: loading tensor blk.58.ssm_dt.bias
create_tensor: loading tensor blk.58.ssm_a
create_tensor: loading tensor blk.58.ssm_beta.weight
create_tensor: loading tensor blk.58.ssm_alpha.weight
create_tensor: loading tensor blk.58.ssm_norm.weight
create_tensor: loading tensor blk.58.ssm_out.weight
create_tensor: loading tensor blk.58.ffn_gate.weight
create_tensor: loading tensor blk.58.ffn_down.weight
create_tensor: loading tensor blk.58.ffn_up.weight
create_tensor: loading tensor blk.59.attn_norm.weight
create_tensor: loading tensor blk.59.post_attention_norm.weight
create_tensor: loading tensor blk.59.attn_qkv.weight
create_tensor: loading tensor blk.59.attn_q.weight
create_tensor: loading tensor blk.59.attn_k.weight
create_tensor: loading tensor blk.59.attn_v.weight
create_tensor: loading tensor blk.59.attn_q.bias
create_tensor: loading tensor blk.59.attn_k.bias
create_tensor: loading tensor blk.59.attn_v.bias
create_tensor: loading tensor blk.59.attn_output.weight
create_tensor: loading tensor blk.59.attn_q_norm.weight
create_tensor: loading tensor blk.59.attn_k_norm.weight
create_tensor: loading tensor blk.59.ffn_gate.weight
create_tensor: loading tensor blk.59.ffn_down.weight
create_tensor: loading tensor blk.59.ffn_up.weight
create_tensor: loading tensor blk.60.attn_norm.weight
create_tensor: loading tensor blk.60.post_attention_norm.weight
create_tensor: loading tensor blk.60.attn_qkv.weight
create_tensor: loading tensor blk.60.attn_gate.weight
create_tensor: loading tensor blk.60.ssm_conv1d.weight
create_tensor: loading tensor blk.60.ssm_dt.bias
create_tensor: loading tensor blk.60.ssm_a
create_tensor: loading tensor blk.60.ssm_beta.weight
create_tensor: loading tensor blk.60.ssm_alpha.weight
create_tensor: loading tensor blk.60.ssm_norm.weight
create_tensor: loading tensor blk.60.ssm_out.weight
create_tensor: loading tensor blk.60.ffn_gate.weight
create_tensor: loading tensor blk.60.ffn_down.weight
create_tensor: loading tensor blk.60.ffn_up.weight
create_tensor: loading tensor blk.61.attn_norm.weight
create_tensor: loading tensor blk.61.post_attention_norm.weight
create_tensor: loading tensor blk.61.attn_qkv.weight
create_tensor: loading tensor blk.61.attn_gate.weight
create_tensor: loading tensor blk.61.ssm_conv1d.weight
create_tensor: loading tensor blk.61.ssm_dt.bias
create_tensor: loading tensor blk.61.ssm_a
create_tensor: loading tensor blk.61.ssm_beta.weight
create_tensor: loading tensor blk.61.ssm_alpha.weight
create_tensor: loading tensor blk.61.ssm_norm.weight
create_tensor: loading tensor blk.61.ssm_out.weight
create_tensor: loading tensor blk.61.ffn_gate.weight
create_tensor: loading tensor blk.61.ffn_down.weight
create_tensor: loading tensor blk.61.ffn_up.weight
create_tensor: loading tensor blk.62.attn_norm.weight
create_tensor: loading tensor blk.62.post_attention_norm.weight
create_tensor: loading tensor blk.62.attn_qkv.weight
create_tensor: loading tensor blk.62.attn_gate.weight
create_tensor: loading tensor blk.62.ssm_conv1d.weight
create_tensor: loading tensor blk.62.ssm_dt.bias
create_tensor: loading tensor blk.62.ssm_a
create_tensor: loading tensor blk.62.ssm_beta.weight
create_tensor: loading tensor blk.62.ssm_alpha.weight
create_tensor: loading tensor blk.62.ssm_norm.weight
create_tensor: loading tensor blk.62.ssm_out.weight
create_tensor: loading tensor blk.62.ffn_gate.weight
create_tensor: loading tensor blk.62.ffn_down.weight
create_tensor: loading tensor blk.62.ffn_up.weight
create_tensor: loading tensor blk.63.attn_norm.weight
create_tensor: loading tensor blk.63.post_attention_norm.weight
create_tensor: loading tensor blk.63.attn_qkv.weight
create_tensor: loading tensor blk.63.attn_q.weight
create_tensor: loading tensor blk.63.attn_k.weight
create_tensor: loading tensor blk.63.attn_v.weight
create_tensor: loading tensor blk.63.attn_q.bias
create_tensor: loading tensor blk.63.attn_k.bias
create_tensor: loading tensor blk.63.attn_v.bias
create_tensor: loading tensor blk.63.attn_output.weight
create_tensor: loading tensor blk.63.attn_q_norm.weight
create_tensor: loading tensor blk.63.attn_k_norm.weight
create_tensor: loading tensor blk.63.ffn_gate.weight
create_tensor: loading tensor blk.63.ffn_down.weight
create_tensor: loading tensor blk.63.ffn_up.weight
create_tensor: loading tensor blk.0.attn_qkv.scale
create_tensor: loading tensor blk.0.attn_gate.scale
create_tensor: loading tensor blk.0.ffn_gate.scale
create_tensor: loading tensor blk.0.ffn_down.scale
create_tensor: loading tensor blk.0.ffn_up.scale
create_tensor: loading tensor blk.0.ssm_out.scale
create_tensor: loading tensor blk.0.ssm_alpha.scale
create_tensor: loading tensor blk.0.ssm_beta.scale
create_tensor: loading tensor blk.0.attn_qkv.input_scale
create_tensor: loading tensor blk.0.attn_gate.input_scale
create_tensor: loading tensor blk.0.ffn_gate.input_scale
create_tensor: loading tensor blk.0.ffn_down.input_scale
create_tensor: loading tensor blk.0.ffn_up.input_scale
create_tensor: loading tensor blk.0.ssm_out.input_scale
create_tensor: loading tensor blk.0.ssm_alpha.input_scale
create_tensor: loading tensor blk.0.ssm_beta.input_scale
create_tensor: loading tensor blk.1.attn_qkv.scale
create_tensor: loading tensor blk.1.attn_gate.scale
create_tensor: loading tensor blk.1.ffn_gate.scale
create_tensor: loading tensor blk.1.ffn_down.scale
create_tensor: loading tensor blk.1.ffn_up.scale
create_tensor: loading tensor blk.1.ssm_out.scale
create_tensor: loading tensor blk.1.ssm_alpha.scale
create_tensor: loading tensor blk.1.ssm_beta.scale
create_tensor: loading tensor blk.1.attn_qkv.input_scale
create_tensor: loading tensor blk.1.attn_gate.input_scale
create_tensor: loading tensor blk.1.ffn_gate.input_scale
create_tensor: loading tensor blk.1.ffn_down.input_scale
create_tensor: loading tensor blk.1.ffn_up.input_scale
create_tensor: loading tensor blk.1.ssm_out.input_scale
create_tensor: loading tensor blk.1.ssm_alpha.input_scale
create_tensor: loading tensor blk.1.ssm_beta.input_scale
create_tensor: loading tensor blk.2.attn_qkv.scale
create_tensor: loading tensor blk.2.attn_gate.scale
create_tensor: loading tensor blk.2.ffn_gate.scale
create_tensor: loading tensor blk.2.ffn_down.scale
create_tensor: loading tensor blk.2.ffn_up.scale
create_tensor: loading tensor blk.2.ssm_out.scale
create_tensor: loading tensor blk.2.ssm_alpha.scale
create_tensor: loading tensor blk.2.ssm_beta.scale
create_tensor: loading tensor blk.2.attn_qkv.input_scale
create_tensor: loading tensor blk.2.attn_gate.input_scale
create_tensor: loading tensor blk.2.ffn_gate.input_scale
create_tensor: loading tensor blk.2.ffn_down.input_scale
create_tensor: loading tensor blk.2.ffn_up.input_scale
create_tensor: loading tensor blk.2.ssm_out.input_scale
create_tensor: loading tensor blk.2.ssm_alpha.input_scale
create_tensor: loading tensor blk.2.ssm_beta.input_scale
create_tensor: loading tensor blk.3.attn_q.scale
create_tensor: loading tensor blk.3.attn_k.scale
create_tensor: loading tensor blk.3.attn_v.scale
create_tensor: loading tensor blk.3.attn_output.scale
create_tensor: loading tensor blk.3.ffn_gate.scale
create_tensor: loading tensor blk.3.ffn_down.scale
create_tensor: loading tensor blk.3.ffn_up.scale
create_tensor: loading tensor blk.3.attn_q.input_scale
create_tensor: loading tensor blk.3.attn_k.input_scale
create_tensor: loading tensor blk.3.attn_v.input_scale
create_tensor: loading tensor blk.3.attn_output.input_scale
create_tensor: loading tensor blk.3.ffn_gate.input_scale
create_tensor: loading tensor blk.3.ffn_down.input_scale
create_tensor: loading tensor blk.3.ffn_up.input_scale
create_tensor: loading tensor blk.4.attn_qkv.scale
create_tensor: loading tensor blk.4.attn_gate.scale
create_tensor: loading tensor blk.4.ffn_gate.scale
create_tensor: loading tensor blk.4.ffn_down.scale
create_tensor: loading tensor blk.4.ffn_up.scale
create_tensor: loading tensor blk.4.ssm_out.scale
create_tensor: loading tensor blk.4.ssm_alpha.scale
create_tensor: loading tensor blk.4.ssm_beta.scale
create_tensor: loading tensor blk.4.attn_qkv.input_scale
create_tensor: loading tensor blk.4.attn_gate.input_scale
create_tensor: loading tensor blk.4.ffn_gate.input_scale
create_tensor: loading tensor blk.4.ffn_down.input_scale
create_tensor: loading tensor blk.4.ffn_up.input_scale
create_tensor: loading tensor blk.4.ssm_out.input_scale
create_tensor: loading tensor blk.4.ssm_alpha.input_scale
create_tensor: loading tensor blk.4.ssm_beta.input_scale
create_tensor: loading tensor blk.5.attn_qkv.scale
create_tensor: loading tensor blk.5.attn_gate.scale
create_tensor: loading tensor blk.5.ffn_gate.scale
create_tensor: loading tensor blk.5.ffn_down.scale
create_tensor: loading tensor blk.5.ffn_up.scale
create_tensor: loading tensor blk.5.ssm_out.scale
create_tensor: loading tensor blk.5.ssm_alpha.scale
create_tensor: loading tensor blk.5.ssm_beta.scale
create_tensor: loading tensor blk.5.attn_qkv.input_scale
create_tensor: loading tensor blk.5.attn_gate.input_scale
create_tensor: loading tensor blk.5.ffn_gate.input_scale
create_tensor: loading tensor blk.5.ffn_down.input_scale
create_tensor: loading tensor blk.5.ffn_up.input_scale
create_tensor: loading tensor blk.5.ssm_out.input_scale
create_tensor: loading tensor blk.5.ssm_alpha.input_scale
create_tensor: loading tensor blk.5.ssm_beta.input_scale
create_tensor: loading tensor blk.6.attn_qkv.scale
create_tensor: loading tensor blk.6.attn_gate.scale
create_tensor: loading tensor blk.6.ffn_gate.scale
create_tensor: loading tensor blk.6.ffn_down.scale
create_tensor: loading tensor blk.6.ffn_up.scale
create_tensor: loading tensor blk.6.ssm_out.scale
create_tensor: loading tensor blk.6.ssm_alpha.scale
create_tensor: loading tensor blk.6.ssm_beta.scale
create_tensor: loading tensor blk.6.attn_qkv.input_scale
create_tensor: loading tensor blk.6.attn_gate.input_scale
create_tensor: loading tensor blk.6.ffn_gate.input_scale
create_tensor: loading tensor blk.6.ffn_down.input_scale
create_tensor: loading tensor blk.6.ffn_up.input_scale
create_tensor: loading tensor blk.6.ssm_out.input_scale
create_tensor: loading tensor blk.6.ssm_alpha.input_scale
create_tensor: loading tensor blk.6.ssm_beta.input_scale
create_tensor: loading tensor blk.7.attn_q.scale
create_tensor: loading tensor blk.7.attn_k.scale
create_tensor: loading tensor blk.7.attn_v.scale
create_tensor: loading tensor blk.7.attn_output.scale
create_tensor: loading tensor blk.7.ffn_gate.scale
create_tensor: loading tensor blk.7.ffn_down.scale
create_tensor: loading tensor blk.7.ffn_up.scale
create_tensor: loading tensor blk.7.attn_q.input_scale
create_tensor: loading tensor blk.7.attn_k.input_scale
create_tensor: loading tensor blk.7.attn_v.input_scale
create_tensor: loading tensor blk.7.attn_output.input_scale
create_tensor: loading tensor blk.7.ffn_gate.input_scale
create_tensor: loading tensor blk.7.ffn_down.input_scale
create_tensor: loading tensor blk.7.ffn_up.input_scale
create_tensor: loading tensor blk.8.attn_qkv.scale
create_tensor: loading tensor blk.8.attn_gate.scale
create_tensor: loading tensor blk.8.ffn_gate.scale
create_tensor: loading tensor blk.8.ffn_down.scale
create_tensor: loading tensor blk.8.ffn_up.scale
create_tensor: loading tensor blk.8.ssm_out.scale
create_tensor: loading tensor blk.8.ssm_alpha.scale
create_tensor: loading tensor blk.8.ssm_beta.scale
create_tensor: loading tensor blk.8.attn_qkv.input_scale
create_tensor: loading tensor blk.8.attn_gate.input_scale
create_tensor: loading tensor blk.8.ffn_gate.input_scale
create_tensor: loading tensor blk.8.ffn_down.input_scale
create_tensor: loading tensor blk.8.ffn_up.input_scale
create_tensor: loading tensor blk.8.ssm_out.input_scale
create_tensor: loading tensor blk.8.ssm_alpha.input_scale
create_tensor: loading tensor blk.8.ssm_beta.input_scale
create_tensor: loading tensor blk.9.attn_qkv.scale
create_tensor: loading tensor blk.9.attn_gate.scale
create_tensor: loading tensor blk.9.ffn_gate.scale
create_tensor: loading tensor blk.9.ffn_down.scale
create_tensor: loading tensor blk.9.ffn_up.scale
create_tensor: loading tensor blk.9.ssm_out.scale
create_tensor: loading tensor blk.9.ssm_alpha.scale
create_tensor: loading tensor blk.9.ssm_beta.scale
create_tensor: loading tensor blk.9.attn_qkv.input_scale
create_tensor: loading tensor blk.9.attn_gate.input_scale
create_tensor: loading tensor blk.9.ffn_gate.input_scale
create_tensor: loading tensor blk.9.ffn_down.input_scale
create_tensor: loading tensor blk.9.ffn_up.input_scale
create_tensor: loading tensor blk.9.ssm_out.input_scale
create_tensor: loading tensor blk.9.ssm_alpha.input_scale
create_tensor: loading tensor blk.9.ssm_beta.input_scale
create_tensor: loading tensor blk.10.attn_qkv.scale
create_tensor: loading tensor blk.10.attn_gate.scale
create_tensor: loading tensor blk.10.ffn_gate.scale
create_tensor: loading tensor blk.10.ffn_down.scale
create_tensor: loading tensor blk.10.ffn_up.scale
create_tensor: loading tensor blk.10.ssm_out.scale
create_tensor: loading tensor blk.10.ssm_alpha.scale
create_tensor: loading tensor blk.10.ssm_beta.scale
create_tensor: loading tensor blk.10.attn_qkv.input_scale
create_tensor: loading tensor blk.10.attn_gate.input_scale
create_tensor: loading tensor blk.10.ffn_gate.input_scale
create_tensor: loading tensor blk.10.ffn_down.input_scale
create_tensor: loading tensor blk.10.ffn_up.input_scale
create_tensor: loading tensor blk.10.ssm_out.input_scale
create_tensor: loading tensor blk.10.ssm_alpha.input_scale
create_tensor: loading tensor blk.10.ssm_beta.input_scale
create_tensor: loading tensor blk.11.attn_q.scale
create_tensor: loading tensor blk.11.attn_k.scale
create_tensor: loading tensor blk.11.attn_v.scale
create_tensor: loading tensor blk.11.attn_output.scale
create_tensor: loading tensor blk.11.ffn_gate.scale
create_tensor: loading tensor blk.11.ffn_down.scale
create_tensor: loading tensor blk.11.ffn_up.scale
create_tensor: loading tensor blk.11.attn_q.input_scale
create_tensor: loading tensor blk.11.attn_k.input_scale
create_tensor: loading tensor blk.11.attn_v.input_scale
create_tensor: loading tensor blk.11.attn_output.input_scale
create_tensor: loading tensor blk.11.ffn_gate.input_scale
create_tensor: loading tensor blk.11.ffn_down.input_scale
create_tensor: loading tensor blk.11.ffn_up.input_scale
create_tensor: loading tensor blk.12.attn_qkv.scale
create_tensor: loading tensor blk.12.attn_gate.scale
create_tensor: loading tensor blk.12.ffn_gate.scale
create_tensor: loading tensor blk.12.ffn_down.scale
create_tensor: loading tensor blk.12.ffn_up.scale
create_tensor: loading tensor blk.12.ssm_out.scale
create_tensor: loading tensor blk.12.ssm_alpha.scale
create_tensor: loading tensor blk.12.ssm_beta.scale
create_tensor: loading tensor blk.12.attn_qkv.input_scale
create_tensor: loading tensor blk.12.attn_gate.input_scale
create_tensor: loading tensor blk.12.ffn_gate.input_scale
create_tensor: loading tensor blk.12.ffn_down.input_scale
create_tensor: loading tensor blk.12.ffn_up.input_scale
create_tensor: loading tensor blk.12.ssm_out.input_scale
create_tensor: loading tensor blk.12.ssm_alpha.input_scale
create_tensor: loading tensor blk.12.ssm_beta.input_scale
create_tensor: loading tensor blk.13.attn_qkv.scale
create_tensor: loading tensor blk.13.attn_gate.scale
create_tensor: loading tensor blk.13.ffn_gate.scale
create_tensor: loading tensor blk.13.ffn_down.scale
create_tensor: loading tensor blk.13.ffn_up.scale
create_tensor: loading tensor blk.13.ssm_out.scale
create_tensor: loading tensor blk.13.ssm_alpha.scale
create_tensor: loading tensor blk.13.ssm_beta.scale
create_tensor: loading tensor blk.13.attn_qkv.input_scale
create_tensor: loading tensor blk.13.attn_gate.input_scale
create_tensor: loading tensor blk.13.ffn_gate.input_scale
create_tensor: loading tensor blk.13.ffn_down.input_scale
create_tensor: loading tensor blk.13.ffn_up.input_scale
create_tensor: loading tensor blk.13.ssm_out.input_scale
create_tensor: loading tensor blk.13.ssm_alpha.input_scale
create_tensor: loading tensor blk.13.ssm_beta.input_scale
create_tensor: loading tensor blk.14.attn_qkv.scale
create_tensor: loading tensor blk.14.attn_gate.scale
create_tensor: loading tensor blk.14.ffn_gate.scale
create_tensor: loading tensor blk.14.ffn_down.scale
create_tensor: loading tensor blk.14.ffn_up.scale
create_tensor: loading tensor blk.14.ssm_out.scale
create_tensor: loading tensor blk.14.ssm_alpha.scale
create_tensor: loading tensor blk.14.ssm_beta.scale
create_tensor: loading tensor blk.14.attn_qkv.input_scale
create_tensor: loading tensor blk.14.attn_gate.input_scale
create_tensor: loading tensor blk.14.ffn_gate.input_scale
create_tensor: loading tensor blk.14.ffn_down.input_scale
create_tensor: loading tensor blk.14.ffn_up.input_scale
create_tensor: loading tensor blk.14.ssm_out.input_scale
create_tensor: loading tensor blk.14.ssm_alpha.input_scale
create_tensor: loading tensor blk.14.ssm_beta.input_scale
create_tensor: loading tensor blk.15.attn_q.scale
create_tensor: loading tensor blk.15.attn_k.scale
create_tensor: loading tensor blk.15.attn_v.scale
create_tensor: loading tensor blk.15.attn_output.scale
create_tensor: loading tensor blk.15.ffn_gate.scale
create_tensor: loading tensor blk.15.ffn_down.scale
create_tensor: loading tensor blk.15.ffn_up.scale
create_tensor: loading tensor blk.15.attn_q.input_scale
create_tensor: loading tensor blk.15.attn_k.input_scale
create_tensor: loading tensor blk.15.attn_v.input_scale
create_tensor: loading tensor blk.15.attn_output.input_scale
create_tensor: loading tensor blk.15.ffn_gate.input_scale
create_tensor: loading tensor blk.15.ffn_down.input_scale
create_tensor: loading tensor blk.15.ffn_up.input_scale
create_tensor: loading tensor blk.16.attn_qkv.scale
create_tensor: loading tensor blk.16.attn_gate.scale
create_tensor: loading tensor blk.16.ffn_gate.scale
create_tensor: loading tensor blk.16.ffn_down.scale
create_tensor: loading tensor blk.16.ffn_up.scale
create_tensor: loading tensor blk.16.ssm_out.scale
create_tensor: loading tensor blk.16.ssm_alpha.scale
create_tensor: loading tensor blk.16.ssm_beta.scale
create_tensor: loading tensor blk.16.attn_qkv.input_scale
create_tensor: loading tensor blk.16.attn_gate.input_scale
create_tensor: loading tensor blk.16.ffn_gate.input_scale
create_tensor: loading tensor blk.16.ffn_down.input_scale
create_tensor: loading tensor blk.16.ffn_up.input_scale
create_tensor: loading tensor blk.16.ssm_out.input_scale
create_tensor: loading tensor blk.16.ssm_alpha.input_scale
create_tensor: loading tensor blk.16.ssm_beta.input_scale
create_tensor: loading tensor blk.17.attn_qkv.scale
create_tensor: loading tensor blk.17.attn_gate.scale
create_tensor: loading tensor blk.17.ffn_gate.scale
create_tensor: loading tensor blk.17.ffn_down.scale
create_tensor: loading tensor blk.17.ffn_up.scale
create_tensor: loading tensor blk.17.ssm_out.scale
create_tensor: loading tensor blk.17.ssm_alpha.scale
create_tensor: loading tensor blk.17.ssm_beta.scale
create_tensor: loading tensor blk.17.attn_qkv.input_scale
create_tensor: loading tensor blk.17.attn_gate.input_scale
create_tensor: loading tensor blk.17.ffn_gate.input_scale
create_tensor: loading tensor blk.17.ffn_down.input_scale
create_tensor: loading tensor blk.17.ffn_up.input_scale
create_tensor: loading tensor blk.17.ssm_out.input_scale
create_tensor: loading tensor blk.17.ssm_alpha.input_scale
create_tensor: loading tensor blk.17.ssm_beta.input_scale
create_tensor: loading tensor blk.18.attn_qkv.scale
create_tensor: loading tensor blk.18.attn_gate.scale
create_tensor: loading tensor blk.18.ffn_gate.scale
create_tensor: loading tensor blk.18.ffn_down.scale
create_tensor: loading tensor blk.18.ffn_up.scale
create_tensor: loading tensor blk.18.ssm_out.scale
create_tensor: loading tensor blk.18.ssm_alpha.scale
create_tensor: loading tensor blk.18.ssm_beta.scale
create_tensor: loading tensor blk.18.attn_qkv.input_scale
create_tensor: loading tensor blk.18.attn_gate.input_scale
create_tensor: loading tensor blk.18.ffn_gate.input_scale
create_tensor: loading tensor blk.18.ffn_down.input_scale
create_tensor: loading tensor blk.18.ffn_up.input_scale
create_tensor: loading tensor blk.18.ssm_out.input_scale
create_tensor: loading tensor blk.18.ssm_alpha.input_scale
create_tensor: loading tensor blk.18.ssm_beta.input_scale
create_tensor: loading tensor blk.19.attn_q.scale
create_tensor: loading tensor blk.19.attn_k.scale
create_tensor: loading tensor blk.19.attn_v.scale
create_tensor: loading tensor blk.19.attn_output.scale
create_tensor: loading tensor blk.19.ffn_gate.scale
create_tensor: loading tensor blk.19.ffn_down.scale
create_tensor: loading tensor blk.19.ffn_up.scale
create_tensor: loading tensor blk.19.attn_q.input_scale
create_tensor: loading tensor blk.19.attn_k.input_scale
create_tensor: loading tensor blk.19.attn_v.input_scale
create_tensor: loading tensor blk.19.attn_output.input_scale
create_tensor: loading tensor blk.19.ffn_gate.input_scale
create_tensor: loading tensor blk.19.ffn_down.input_scale
create_tensor: loading tensor blk.19.ffn_up.input_scale
create_tensor: loading tensor blk.20.attn_qkv.scale
create_tensor: loading tensor blk.20.attn_gate.scale
create_tensor: loading tensor blk.20.ffn_gate.scale
create_tensor: loading tensor blk.20.ffn_down.scale
create_tensor: loading tensor blk.20.ffn_up.scale
create_tensor: loading tensor blk.20.ssm_out.scale
create_tensor: loading tensor blk.20.ssm_alpha.scale
create_tensor: loading tensor blk.20.ssm_beta.scale
create_tensor: loading tensor blk.20.attn_qkv.input_scale
create_tensor: loading tensor blk.20.attn_gate.input_scale
create_tensor: loading tensor blk.20.ffn_gate.input_scale
create_tensor: loading tensor blk.20.ffn_down.input_scale
create_tensor: loading tensor blk.20.ffn_up.input_scale
create_tensor: loading tensor blk.20.ssm_out.input_scale
create_tensor: loading tensor blk.20.ssm_alpha.input_scale
create_tensor: loading tensor blk.20.ssm_beta.input_scale
create_tensor: loading tensor blk.21.attn_qkv.scale
create_tensor: loading tensor blk.21.attn_gate.scale
create_tensor: loading tensor blk.21.ffn_gate.scale
create_tensor: loading tensor blk.21.ffn_down.scale
create_tensor: loading tensor blk.21.ffn_up.scale
create_tensor: loading tensor blk.21.ssm_out.scale
create_tensor: loading tensor blk.21.ssm_alpha.scale
create_tensor: loading tensor blk.21.ssm_beta.scale
create_tensor: loading tensor blk.21.attn_qkv.input_scale
create_tensor: loading tensor blk.21.attn_gate.input_scale
create_tensor: loading tensor blk.21.ffn_gate.input_scale
create_tensor: loading tensor blk.21.ffn_down.input_scale
create_tensor: loading tensor blk.21.ffn_up.input_scale
create_tensor: loading tensor blk.21.ssm_out.input_scale
create_tensor: loading tensor blk.21.ssm_alpha.input_scale
create_tensor: loading tensor blk.21.ssm_beta.input_scale
create_tensor: loading tensor blk.22.attn_qkv.scale
create_tensor: loading tensor blk.22.attn_gate.scale
create_tensor: loading tensor blk.22.ffn_gate.scale
create_tensor: loading tensor blk.22.ffn_down.scale
create_tensor: loading tensor blk.22.ffn_up.scale
create_tensor: loading tensor blk.22.ssm_out.scale
create_tensor: loading tensor blk.22.ssm_alpha.scale
create_tensor: loading tensor blk.22.ssm_beta.scale
create_tensor: loading tensor blk.22.attn_qkv.input_scale
create_tensor: loading tensor blk.22.attn_gate.input_scale
create_tensor: loading tensor blk.22.ffn_gate.input_scale
create_tensor: loading tensor blk.22.ffn_down.input_scale
create_tensor: loading tensor blk.22.ffn_up.input_scale
create_tensor: loading tensor blk.22.ssm_out.input_scale
create_tensor: loading tensor blk.22.ssm_alpha.input_scale
create_tensor: loading tensor blk.22.ssm_beta.input_scale
create_tensor: loading tensor blk.23.attn_q.scale
create_tensor: loading tensor blk.23.attn_k.scale
create_tensor: loading tensor blk.23.attn_v.scale
create_tensor: loading tensor blk.23.attn_output.scale
create_tensor: loading tensor blk.23.ffn_gate.scale
create_tensor: loading tensor blk.23.ffn_down.scale
create_tensor: loading tensor blk.23.ffn_up.scale
create_tensor: loading tensor blk.23.attn_q.input_scale
create_tensor: loading tensor blk.23.attn_k.input_scale
create_tensor: loading tensor blk.23.attn_v.input_scale
create_tensor: loading tensor blk.23.attn_output.input_scale
create_tensor: loading tensor blk.23.ffn_gate.input_scale
create_tensor: loading tensor blk.23.ffn_down.input_scale
create_tensor: loading tensor blk.23.ffn_up.input_scale
create_tensor: loading tensor blk.24.attn_qkv.scale
create_tensor: loading tensor blk.24.attn_gate.scale
create_tensor: loading tensor blk.24.ffn_gate.scale
create_tensor: loading tensor blk.24.ffn_down.scale
create_tensor: loading tensor blk.24.ffn_up.scale
create_tensor: loading tensor blk.24.ssm_out.scale
create_tensor: loading tensor blk.24.ssm_alpha.scale
create_tensor: loading tensor blk.24.ssm_beta.scale
create_tensor: loading tensor blk.24.attn_qkv.input_scale
create_tensor: loading tensor blk.24.attn_gate.input_scale
create_tensor: loading tensor blk.24.ffn_gate.input_scale
create_tensor: loading tensor blk.24.ffn_down.input_scale
create_tensor: loading tensor blk.24.ffn_up.input_scale
create_tensor: loading tensor blk.24.ssm_out.input_scale
create_tensor: loading tensor blk.24.ssm_alpha.input_scale
create_tensor: loading tensor blk.24.ssm_beta.input_scale
create_tensor: loading tensor blk.25.attn_qkv.scale
create_tensor: loading tensor blk.25.attn_gate.scale
create_tensor: loading tensor blk.25.ffn_gate.scale
create_tensor: loading tensor blk.25.ffn_down.scale
create_tensor: loading tensor blk.25.ffn_up.scale
create_tensor: loading tensor blk.25.ssm_out.scale
create_tensor: loading tensor blk.25.ssm_alpha.scale
create_tensor: loading tensor blk.25.ssm_beta.scale
create_tensor: loading tensor blk.25.attn_qkv.input_scale
create_tensor: loading tensor blk.25.attn_gate.input_scale
create_tensor: loading tensor blk.25.ffn_gate.input_scale
create_tensor: loading tensor blk.25.ffn_down.input_scale
create_tensor: loading tensor blk.25.ffn_up.input_scale
create_tensor: loading tensor blk.25.ssm_out.input_scale
create_tensor: loading tensor blk.25.ssm_alpha.input_scale
create_tensor: loading tensor blk.25.ssm_beta.input_scale
create_tensor: loading tensor blk.26.attn_qkv.scale
create_tensor: loading tensor blk.26.attn_gate.scale
create_tensor: loading tensor blk.26.ffn_gate.scale
create_tensor: loading tensor blk.26.ffn_down.scale
create_tensor: loading tensor blk.26.ffn_up.scale
create_tensor: loading tensor blk.26.ssm_out.scale
create_tensor: loading tensor blk.26.ssm_alpha.scale
create_tensor: loading tensor blk.26.ssm_beta.scale
create_tensor: loading tensor blk.26.attn_qkv.input_scale
create_tensor: loading tensor blk.26.attn_gate.input_scale
create_tensor: loading tensor blk.26.ffn_gate.input_scale
create_tensor: loading tensor blk.26.ffn_down.input_scale
create_tensor: loading tensor blk.26.ffn_up.input_scale
create_tensor: loading tensor blk.26.ssm_out.input_scale
create_tensor: loading tensor blk.26.ssm_alpha.input_scale
create_tensor: loading tensor blk.26.ssm_beta.input_scale
create_tensor: loading tensor blk.27.attn_q.scale
create_tensor: loading tensor blk.27.attn_k.scale
create_tensor: loading tensor blk.27.attn_v.scale
create_tensor: loading tensor blk.27.attn_output.scale
create_tensor: loading tensor blk.27.ffn_gate.scale
create_tensor: loading tensor blk.27.ffn_down.scale
create_tensor: loading tensor blk.27.ffn_up.scale
create_tensor: loading tensor blk.27.attn_q.input_scale
create_tensor: loading tensor blk.27.attn_k.input_scale
create_tensor: loading tensor blk.27.attn_v.input_scale
create_tensor: loading tensor blk.27.attn_output.input_scale
create_tensor: loading tensor blk.27.ffn_gate.input_scale
create_tensor: loading tensor blk.27.ffn_down.input_scale
create_tensor: loading tensor blk.27.ffn_up.input_scale
create_tensor: loading tensor blk.28.attn_qkv.scale
create_tensor: loading tensor blk.28.attn_gate.scale
create_tensor: loading tensor blk.28.ffn_gate.scale
create_tensor: loading tensor blk.28.ffn_down.scale
create_tensor: loading tensor blk.28.ffn_up.scale
create_tensor: loading tensor blk.28.ssm_out.scale
create_tensor: loading tensor blk.28.ssm_alpha.scale
create_tensor: loading tensor blk.28.ssm_beta.scale
create_tensor: loading tensor blk.28.attn_qkv.input_scale
create_tensor: loading tensor blk.28.attn_gate.input_scale
create_tensor: loading tensor blk.28.ffn_gate.input_scale
create_tensor: loading tensor blk.28.ffn_down.input_scale
create_tensor: loading tensor blk.28.ffn_up.input_scale
create_tensor: loading tensor blk.28.ssm_out.input_scale
create_tensor: loading tensor blk.28.ssm_alpha.input_scale
create_tensor: loading tensor blk.28.ssm_beta.input_scale
create_tensor: loading tensor blk.29.attn_qkv.scale
create_tensor: loading tensor blk.29.attn_gate.scale
create_tensor: loading tensor blk.29.ffn_gate.scale
create_tensor: loading tensor blk.29.ffn_down.scale
create_tensor: loading tensor blk.29.ffn_up.scale
create_tensor: loading tensor blk.29.ssm_out.scale
create_tensor: loading tensor blk.29.ssm_alpha.scale
create_tensor: loading tensor blk.29.ssm_beta.scale
create_tensor: loading tensor blk.29.attn_qkv.input_scale
create_tensor: loading tensor blk.29.attn_gate.input_scale
create_tensor: loading tensor blk.29.ffn_gate.input_scale
create_tensor: loading tensor blk.29.ffn_down.input_scale
create_tensor: loading tensor blk.29.ffn_up.input_scale
create_tensor: loading tensor blk.29.ssm_out.input_scale
create_tensor: loading tensor blk.29.ssm_alpha.input_scale
create_tensor: loading tensor blk.29.ssm_beta.input_scale
create_tensor: loading tensor blk.30.attn_qkv.scale
create_tensor: loading tensor blk.30.attn_gate.scale
create_tensor: loading tensor blk.30.ffn_gate.scale
create_tensor: loading tensor blk.30.ffn_down.scale
create_tensor: loading tensor blk.30.ffn_up.scale
create_tensor: loading tensor blk.30.ssm_out.scale
create_tensor: loading tensor blk.30.ssm_alpha.scale
create_tensor: loading tensor blk.30.ssm_beta.scale
create_tensor: loading tensor blk.30.attn_qkv.input_scale
create_tensor: loading tensor blk.30.attn_gate.input_scale
create_tensor: loading tensor blk.30.ffn_gate.input_scale
create_tensor: loading tensor blk.30.ffn_down.input_scale
create_tensor: loading tensor blk.30.ffn_up.input_scale
create_tensor: loading tensor blk.30.ssm_out.input_scale
create_tensor: loading tensor blk.30.ssm_alpha.input_scale
create_tensor: loading tensor blk.30.ssm_beta.input_scale
create_tensor: loading tensor blk.31.attn_q.scale
create_tensor: loading tensor blk.31.attn_k.scale
create_tensor: loading tensor blk.31.attn_v.scale
create_tensor: loading tensor blk.31.attn_output.scale
create_tensor: loading tensor blk.31.ffn_gate.scale
create_tensor: loading tensor blk.31.ffn_down.scale
create_tensor: loading tensor blk.31.ffn_up.scale
create_tensor: loading tensor blk.31.attn_q.input_scale
create_tensor: loading tensor blk.31.attn_k.input_scale
create_tensor: loading tensor blk.31.attn_v.input_scale
create_tensor: loading tensor blk.31.attn_output.input_scale
create_tensor: loading tensor blk.31.ffn_gate.input_scale
create_tensor: loading tensor blk.31.ffn_down.input_scale
create_tensor: loading tensor blk.31.ffn_up.input_scale
create_tensor: loading tensor blk.32.attn_qkv.scale
create_tensor: loading tensor blk.32.attn_gate.scale
create_tensor: loading tensor blk.32.ffn_gate.scale
create_tensor: loading tensor blk.32.ffn_down.scale
create_tensor: loading tensor blk.32.ffn_up.scale
create_tensor: loading tensor blk.32.ssm_out.scale
create_tensor: loading tensor blk.32.ssm_alpha.scale
create_tensor: loading tensor blk.32.ssm_beta.scale
create_tensor: loading tensor blk.32.attn_qkv.input_scale
create_tensor: loading tensor blk.32.attn_gate.input_scale
create_tensor: loading tensor blk.32.ffn_gate.input_scale
create_tensor: loading tensor blk.32.ffn_down.input_scale
create_tensor: loading tensor blk.32.ffn_up.input_scale
create_tensor: loading tensor blk.32.ssm_out.input_scale
create_tensor: loading tensor blk.32.ssm_alpha.input_scale
create_tensor: loading tensor blk.32.ssm_beta.input_scale
create_tensor: loading tensor blk.33.attn_qkv.scale
create_tensor: loading tensor blk.33.attn_gate.scale
create_tensor: loading tensor blk.33.ffn_gate.scale
create_tensor: loading tensor blk.33.ffn_down.scale
create_tensor: loading tensor blk.33.ffn_up.scale
create_tensor: loading tensor blk.33.ssm_out.scale
create_tensor: loading tensor blk.33.ssm_alpha.scale
create_tensor: loading tensor blk.33.ssm_beta.scale
create_tensor: loading tensor blk.33.attn_qkv.input_scale
create_tensor: loading tensor blk.33.attn_gate.input_scale
create_tensor: loading tensor blk.33.ffn_gate.input_scale
create_tensor: loading tensor blk.33.ffn_down.input_scale
create_tensor: loading tensor blk.33.ffn_up.input_scale
create_tensor: loading tensor blk.33.ssm_out.input_scale
create_tensor: loading tensor blk.33.ssm_alpha.input_scale
create_tensor: loading tensor blk.33.ssm_beta.input_scale
create_tensor: loading tensor blk.34.attn_qkv.scale
create_tensor: loading tensor blk.34.attn_gate.scale
create_tensor: loading tensor blk.34.ffn_gate.scale
create_tensor: loading tensor blk.34.ffn_down.scale
create_tensor: loading tensor blk.34.ffn_up.scale
create_tensor: loading tensor blk.34.ssm_out.scale
create_tensor: loading tensor blk.34.ssm_alpha.scale
create_tensor: loading tensor blk.34.ssm_beta.scale
create_tensor: loading tensor blk.34.attn_qkv.input_scale
create_tensor: loading tensor blk.34.attn_gate.input_scale
create_tensor: loading tensor blk.34.ffn_gate.input_scale
create_tensor: loading tensor blk.34.ffn_down.input_scale
create_tensor: loading tensor blk.34.ffn_up.input_scale
create_tensor: loading tensor blk.34.ssm_out.input_scale
create_tensor: loading tensor blk.34.ssm_alpha.input_scale
create_tensor: loading tensor blk.34.ssm_beta.input_scale
create_tensor: loading tensor blk.35.attn_q.scale
create_tensor: loading tensor blk.35.attn_k.scale
create_tensor: loading tensor blk.35.attn_v.scale
create_tensor: loading tensor blk.35.attn_output.scale
create_tensor: loading tensor blk.35.ffn_gate.scale
create_tensor: loading tensor blk.35.ffn_down.scale
create_tensor: loading tensor blk.35.ffn_up.scale
create_tensor: loading tensor blk.35.attn_q.input_scale
create_tensor: loading tensor blk.35.attn_k.input_scale
create_tensor: loading tensor blk.35.attn_v.input_scale
create_tensor: loading tensor blk.35.attn_output.input_scale
create_tensor: loading tensor blk.35.ffn_gate.input_scale
create_tensor: loading tensor blk.35.ffn_down.input_scale
create_tensor: loading tensor blk.35.ffn_up.input_scale
create_tensor: loading tensor blk.36.attn_qkv.scale
create_tensor: loading tensor blk.36.attn_gate.scale
create_tensor: loading tensor blk.36.ffn_gate.scale
create_tensor: loading tensor blk.36.ffn_down.scale
create_tensor: loading tensor blk.36.ffn_up.scale
create_tensor: loading tensor blk.36.ssm_out.scale
create_tensor: loading tensor blk.36.ssm_alpha.scale
create_tensor: loading tensor blk.36.ssm_beta.scale
create_tensor: loading tensor blk.36.attn_qkv.input_scale
create_tensor: loading tensor blk.36.attn_gate.input_scale
create_tensor: loading tensor blk.36.ffn_gate.input_scale
create_tensor: loading tensor blk.36.ffn_down.input_scale
create_tensor: loading tensor blk.36.ffn_up.input_scale
create_tensor: loading tensor blk.36.ssm_out.input_scale
create_tensor: loading tensor blk.36.ssm_alpha.input_scale
create_tensor: loading tensor blk.36.ssm_beta.input_scale
create_tensor: loading tensor blk.37.attn_qkv.scale
create_tensor: loading tensor blk.37.attn_gate.scale
create_tensor: loading tensor blk.37.ffn_gate.scale
create_tensor: loading tensor blk.37.ffn_down.scale
create_tensor: loading tensor blk.37.ffn_up.scale
create_tensor: loading tensor blk.37.ssm_out.scale
create_tensor: loading tensor blk.37.ssm_alpha.scale
create_tensor: loading tensor blk.37.ssm_beta.scale
create_tensor: loading tensor blk.37.attn_qkv.input_scale
create_tensor: loading tensor blk.37.attn_gate.input_scale
create_tensor: loading tensor blk.37.ffn_gate.input_scale
create_tensor: loading tensor blk.37.ffn_down.input_scale
create_tensor: loading tensor blk.37.ffn_up.input_scale
create_tensor: loading tensor blk.37.ssm_out.input_scale
create_tensor: loading tensor blk.37.ssm_alpha.input_scale
create_tensor: loading tensor blk.37.ssm_beta.input_scale
create_tensor: loading tensor blk.38.attn_qkv.scale
create_tensor: loading tensor blk.38.attn_gate.scale
create_tensor: loading tensor blk.38.ffn_gate.scale
create_tensor: loading tensor blk.38.ffn_down.scale
create_tensor: loading tensor blk.38.ffn_up.scale
create_tensor: loading tensor blk.38.ssm_out.scale
create_tensor: loading tensor blk.38.ssm_alpha.scale
create_tensor: loading tensor blk.38.ssm_beta.scale
create_tensor: loading tensor blk.38.attn_qkv.input_scale
create_tensor: loading tensor blk.38.attn_gate.input_scale
create_tensor: loading tensor blk.38.ffn_gate.input_scale
create_tensor: loading tensor blk.38.ffn_down.input_scale
create_tensor: loading tensor blk.38.ffn_up.input_scale
create_tensor: loading tensor blk.38.ssm_out.input_scale
create_tensor: loading tensor blk.38.ssm_alpha.input_scale
create_tensor: loading tensor blk.38.ssm_beta.input_scale
create_tensor: loading tensor blk.39.attn_q.scale
create_tensor: loading tensor blk.39.attn_k.scale
create_tensor: loading tensor blk.39.attn_v.scale
create_tensor: loading tensor blk.39.attn_output.scale
create_tensor: loading tensor blk.39.ffn_gate.scale
create_tensor: loading tensor blk.39.ffn_down.scale
create_tensor: loading tensor blk.39.ffn_up.scale
create_tensor: loading tensor blk.39.attn_q.input_scale
create_tensor: loading tensor blk.39.attn_k.input_scale
create_tensor: loading tensor blk.39.attn_v.input_scale
create_tensor: loading tensor blk.39.attn_output.input_scale
create_tensor: loading tensor blk.39.ffn_gate.input_scale
create_tensor: loading tensor blk.39.ffn_down.input_scale
create_tensor: loading tensor blk.39.ffn_up.input_scale
create_tensor: loading tensor blk.40.attn_qkv.scale
create_tensor: loading tensor blk.40.attn_gate.scale
create_tensor: loading tensor blk.40.ffn_gate.scale
create_tensor: loading tensor blk.40.ffn_down.scale
create_tensor: loading tensor blk.40.ffn_up.scale
create_tensor: loading tensor blk.40.ssm_out.scale
create_tensor: loading tensor blk.40.ssm_alpha.scale
create_tensor: loading tensor blk.40.ssm_beta.scale
create_tensor: loading tensor blk.40.attn_qkv.input_scale
create_tensor: loading tensor blk.40.attn_gate.input_scale
create_tensor: loading tensor blk.40.ffn_gate.input_scale
create_tensor: loading tensor blk.40.ffn_down.input_scale
create_tensor: loading tensor blk.40.ffn_up.input_scale
create_tensor: loading tensor blk.40.ssm_out.input_scale
create_tensor: loading tensor blk.40.ssm_alpha.input_scale
create_tensor: loading tensor blk.40.ssm_beta.input_scale
create_tensor: loading tensor blk.41.attn_qkv.scale
create_tensor: loading tensor blk.41.attn_gate.scale
create_tensor: loading tensor blk.41.ffn_gate.scale
create_tensor: loading tensor blk.41.ffn_down.scale
create_tensor: loading tensor blk.41.ffn_up.scale
create_tensor: loading tensor blk.41.ssm_out.scale
create_tensor: loading tensor blk.41.ssm_alpha.scale
create_tensor: loading tensor blk.41.ssm_beta.scale
create_tensor: loading tensor blk.41.attn_qkv.input_scale
create_tensor: loading tensor blk.41.attn_gate.input_scale
create_tensor: loading tensor blk.41.ffn_gate.input_scale
create_tensor: loading tensor blk.41.ffn_down.input_scale
create_tensor: loading tensor blk.41.ffn_up.input_scale
create_tensor: loading tensor blk.41.ssm_out.input_scale
create_tensor: loading tensor blk.41.ssm_alpha.input_scale
create_tensor: loading tensor blk.41.ssm_beta.input_scale
create_tensor: loading tensor blk.42.attn_qkv.scale
create_tensor: loading tensor blk.42.attn_gate.scale
create_tensor: loading tensor blk.42.ffn_gate.scale
create_tensor: loading tensor blk.42.ffn_down.scale
create_tensor: loading tensor blk.42.ffn_up.scale
create_tensor: loading tensor blk.42.ssm_out.scale
create_tensor: loading tensor blk.42.ssm_alpha.scale
create_tensor: loading tensor blk.42.ssm_beta.scale
create_tensor: loading tensor blk.42.attn_qkv.input_scale
create_tensor: loading tensor blk.42.attn_gate.input_scale
create_tensor: loading tensor blk.42.ffn_gate.input_scale
create_tensor: loading tensor blk.42.ffn_down.input_scale
create_tensor: loading tensor blk.42.ffn_up.input_scale
create_tensor: loading tensor blk.42.ssm_out.input_scale
create_tensor: loading tensor blk.42.ssm_alpha.input_scale
create_tensor: loading tensor blk.42.ssm_beta.input_scale
create_tensor: loading tensor blk.43.attn_q.scale
create_tensor: loading tensor blk.43.attn_k.scale
create_tensor: loading tensor blk.43.attn_v.scale
create_tensor: loading tensor blk.43.attn_output.scale
create_tensor: loading tensor blk.43.ffn_gate.scale
create_tensor: loading tensor blk.43.ffn_down.scale
create_tensor: loading tensor blk.43.ffn_up.scale
create_tensor: loading tensor blk.43.attn_q.input_scale
create_tensor: loading tensor blk.43.attn_k.input_scale
create_tensor: loading tensor blk.43.attn_v.input_scale
create_tensor: loading tensor blk.43.attn_output.input_scale
create_tensor: loading tensor blk.43.ffn_gate.input_scale
create_tensor: loading tensor blk.43.ffn_down.input_scale
create_tensor: loading tensor blk.43.ffn_up.input_scale
create_tensor: loading tensor blk.44.attn_qkv.scale
create_tensor: loading tensor blk.44.attn_gate.scale
create_tensor: loading tensor blk.44.ffn_gate.scale
create_tensor: loading tensor blk.44.ffn_down.scale
create_tensor: loading tensor blk.44.ffn_up.scale
create_tensor: loading tensor blk.44.ssm_out.scale
create_tensor: loading tensor blk.44.ssm_alpha.scale
create_tensor: loading tensor blk.44.ssm_beta.scale
create_tensor: loading tensor blk.44.attn_qkv.input_scale
create_tensor: loading tensor blk.44.attn_gate.input_scale
create_tensor: loading tensor blk.44.ffn_gate.input_scale
create_tensor: loading tensor blk.44.ffn_down.input_scale
create_tensor: loading tensor blk.44.ffn_up.input_scale
create_tensor: loading tensor blk.44.ssm_out.input_scale
create_tensor: loading tensor blk.44.ssm_alpha.input_scale
create_tensor: loading tensor blk.44.ssm_beta.input_scale
create_tensor: loading tensor blk.45.attn_qkv.scale
create_tensor: loading tensor blk.45.attn_gate.scale
create_tensor: loading tensor blk.45.ffn_gate.scale
create_tensor: loading tensor blk.45.ffn_down.scale
create_tensor: loading tensor blk.45.ffn_up.scale
create_tensor: loading tensor blk.45.ssm_out.scale
create_tensor: loading tensor blk.45.ssm_alpha.scale
create_tensor: loading tensor blk.45.ssm_beta.scale
create_tensor: loading tensor blk.45.attn_qkv.input_scale
create_tensor: loading tensor blk.45.attn_gate.input_scale
create_tensor: loading tensor blk.45.ffn_gate.input_scale
create_tensor: loading tensor blk.45.ffn_down.input_scale
create_tensor: loading tensor blk.45.ffn_up.input_scale
create_tensor: loading tensor blk.45.ssm_out.input_scale
create_tensor: loading tensor blk.45.ssm_alpha.input_scale
create_tensor: loading tensor blk.45.ssm_beta.input_scale
create_tensor: loading tensor blk.46.attn_qkv.scale
create_tensor: loading tensor blk.46.attn_gate.scale
create_tensor: loading tensor blk.46.ffn_gate.scale
create_tensor: loading tensor blk.46.ffn_down.scale
create_tensor: loading tensor blk.46.ffn_up.scale
create_tensor: loading tensor blk.46.ssm_out.scale
create_tensor: loading tensor blk.46.ssm_alpha.scale
create_tensor: loading tensor blk.46.ssm_beta.scale
create_tensor: loading tensor blk.46.attn_qkv.input_scale
create_tensor: loading tensor blk.46.attn_gate.input_scale
create_tensor: loading tensor blk.46.ffn_gate.input_scale
create_tensor: loading tensor blk.46.ffn_down.input_scale
create_tensor: loading tensor blk.46.ffn_up.input_scale
create_tensor: loading tensor blk.46.ssm_out.input_scale
create_tensor: loading tensor blk.46.ssm_alpha.input_scale
create_tensor: loading tensor blk.46.ssm_beta.input_scale
create_tensor: loading tensor blk.47.attn_q.scale
create_tensor: loading tensor blk.47.attn_k.scale
create_tensor: loading tensor blk.47.attn_v.scale
create_tensor: loading tensor blk.47.attn_output.scale
create_tensor: loading tensor blk.47.ffn_gate.scale
create_tensor: loading tensor blk.47.ffn_down.scale
create_tensor: loading tensor blk.47.ffn_up.scale
create_tensor: loading tensor blk.47.attn_q.input_scale
create_tensor: loading tensor blk.47.attn_k.input_scale
create_tensor: loading tensor blk.47.attn_v.input_scale
create_tensor: loading tensor blk.47.attn_output.input_scale
create_tensor: loading tensor blk.47.ffn_gate.input_scale
create_tensor: loading tensor blk.47.ffn_down.input_scale
create_tensor: loading tensor blk.47.ffn_up.input_scale
create_tensor: loading tensor blk.48.attn_qkv.scale
create_tensor: loading tensor blk.48.attn_gate.scale
create_tensor: loading tensor blk.48.ffn_gate.scale
create_tensor: loading tensor blk.48.ffn_down.scale
create_tensor: loading tensor blk.48.ffn_up.scale
create_tensor: loading tensor blk.48.ssm_out.scale
create_tensor: loading tensor blk.48.ssm_alpha.scale
create_tensor: loading tensor blk.48.ssm_beta.scale
create_tensor: loading tensor blk.48.attn_qkv.input_scale
create_tensor: loading tensor blk.48.attn_gate.input_scale
create_tensor: loading tensor blk.48.ffn_gate.input_scale
create_tensor: loading tensor blk.48.ffn_down.input_scale
create_tensor: loading tensor blk.48.ffn_up.input_scale
create_tensor: loading tensor blk.48.ssm_out.input_scale
create_tensor: loading tensor blk.48.ssm_alpha.input_scale
create_tensor: loading tensor blk.48.ssm_beta.input_scale
create_tensor: loading tensor blk.49.attn_qkv.scale
create_tensor: loading tensor blk.49.attn_gate.scale
create_tensor: loading tensor blk.49.ffn_gate.scale
create_tensor: loading tensor blk.49.ffn_down.scale
create_tensor: loading tensor blk.49.ffn_up.scale
create_tensor: loading tensor blk.49.ssm_out.scale
create_tensor: loading tensor blk.49.ssm_alpha.scale
create_tensor: loading tensor blk.49.ssm_beta.scale
create_tensor: loading tensor blk.49.attn_qkv.input_scale
create_tensor: loading tensor blk.49.attn_gate.input_scale
create_tensor: loading tensor blk.49.ffn_gate.input_scale
create_tensor: loading tensor blk.49.ffn_down.input_scale
create_tensor: loading tensor blk.49.ffn_up.input_scale
create_tensor: loading tensor blk.49.ssm_out.input_scale
create_tensor: loading tensor blk.49.ssm_alpha.input_scale
create_tensor: loading tensor blk.49.ssm_beta.input_scale
create_tensor: loading tensor blk.50.attn_qkv.scale
create_tensor: loading tensor blk.50.attn_gate.scale
create_tensor: loading tensor blk.50.ffn_gate.scale
create_tensor: loading tensor blk.50.ffn_down.scale
create_tensor: loading tensor blk.50.ffn_up.scale
create_tensor: loading tensor blk.50.ssm_out.scale
create_tensor: loading tensor blk.50.ssm_alpha.scale
create_tensor: loading tensor blk.50.ssm_beta.scale
create_tensor: loading tensor blk.50.attn_qkv.input_scale
create_tensor: loading tensor blk.50.attn_gate.input_scale
create_tensor: loading tensor blk.50.ffn_gate.input_scale
create_tensor: loading tensor blk.50.ffn_down.input_scale
create_tensor: loading tensor blk.50.ffn_up.input_scale
create_tensor: loading tensor blk.50.ssm_out.input_scale
create_tensor: loading tensor blk.50.ssm_alpha.input_scale
create_tensor: loading tensor blk.50.ssm_beta.input_scale
create_tensor: loading tensor blk.51.attn_q.scale
create_tensor: loading tensor blk.51.attn_k.scale
create_tensor: loading tensor blk.51.attn_v.scale
create_tensor: loading tensor blk.51.attn_output.scale
create_tensor: loading tensor blk.51.ffn_gate.scale
create_tensor: loading tensor blk.51.ffn_down.scale
create_tensor: loading tensor blk.51.ffn_up.scale
create_tensor: loading tensor blk.51.attn_q.input_scale
create_tensor: loading tensor blk.51.attn_k.input_scale
create_tensor: loading tensor blk.51.attn_v.input_scale
create_tensor: loading tensor blk.51.attn_output.input_scale
create_tensor: loading tensor blk.51.ffn_gate.input_scale
create_tensor: loading tensor blk.51.ffn_down.input_scale
create_tensor: loading tensor blk.51.ffn_up.input_scale
create_tensor: loading tensor blk.52.attn_qkv.scale
create_tensor: loading tensor blk.52.attn_gate.scale
create_tensor: loading tensor blk.52.ffn_gate.scale
create_tensor: loading tensor blk.52.ffn_down.scale
create_tensor: loading tensor blk.52.ffn_up.scale
create_tensor: loading tensor blk.52.ssm_out.scale
create_tensor: loading tensor blk.52.ssm_alpha.scale
create_tensor: loading tensor blk.52.ssm_beta.scale
create_tensor: loading tensor blk.52.attn_qkv.input_scale
create_tensor: loading tensor blk.52.attn_gate.input_scale
create_tensor: loading tensor blk.52.ffn_gate.input_scale
create_tensor: loading tensor blk.52.ffn_down.input_scale
create_tensor: loading tensor blk.52.ffn_up.input_scale
create_tensor: loading tensor blk.52.ssm_out.input_scale
create_tensor: loading tensor blk.52.ssm_alpha.input_scale
create_tensor: loading tensor blk.52.ssm_beta.input_scale
create_tensor: loading tensor blk.53.attn_qkv.scale
create_tensor: loading tensor blk.53.attn_gate.scale
create_tensor: loading tensor blk.53.ffn_gate.scale
create_tensor: loading tensor blk.53.ffn_down.scale
create_tensor: loading tensor blk.53.ffn_up.scale
create_tensor: loading tensor blk.53.ssm_out.scale
create_tensor: loading tensor blk.53.ssm_alpha.scale
create_tensor: loading tensor blk.53.ssm_beta.scale
create_tensor: loading tensor blk.53.attn_qkv.input_scale
create_tensor: loading tensor blk.53.attn_gate.input_scale
create_tensor: loading tensor blk.53.ffn_gate.input_scale
create_tensor: loading tensor blk.53.ffn_down.input_scale
create_tensor: loading tensor blk.53.ffn_up.input_scale
create_tensor: loading tensor blk.53.ssm_out.input_scale
create_tensor: loading tensor blk.53.ssm_alpha.input_scale
create_tensor: loading tensor blk.53.ssm_beta.input_scale
create_tensor: loading tensor blk.54.attn_qkv.scale
create_tensor: loading tensor blk.54.attn_gate.scale
create_tensor: loading tensor blk.54.ffn_gate.scale
create_tensor: loading tensor blk.54.ffn_down.scale
create_tensor: loading tensor blk.54.ffn_up.scale
create_tensor: loading tensor blk.54.ssm_out.scale
create_tensor: loading tensor blk.54.ssm_alpha.scale
create_tensor: loading tensor blk.54.ssm_beta.scale
create_tensor: loading tensor blk.54.attn_qkv.input_scale
create_tensor: loading tensor blk.54.attn_gate.input_scale
create_tensor: loading tensor blk.54.ffn_gate.input_scale
create_tensor: loading tensor blk.54.ffn_down.input_scale
create_tensor: loading tensor blk.54.ffn_up.input_scale
create_tensor: loading tensor blk.54.ssm_out.input_scale
create_tensor: loading tensor blk.54.ssm_alpha.input_scale
create_tensor: loading tensor blk.54.ssm_beta.input_scale
create_tensor: loading tensor blk.55.attn_q.scale
create_tensor: loading tensor blk.55.attn_k.scale
create_tensor: loading tensor blk.55.attn_v.scale
create_tensor: loading tensor blk.55.attn_output.scale
create_tensor: loading tensor blk.55.ffn_gate.scale
create_tensor: loading tensor blk.55.ffn_down.scale
create_tensor: loading tensor blk.55.ffn_up.scale
create_tensor: loading tensor blk.55.attn_q.input_scale
create_tensor: loading tensor blk.55.attn_k.input_scale
create_tensor: loading tensor blk.55.attn_v.input_scale
create_tensor: loading tensor blk.55.attn_output.input_scale
create_tensor: loading tensor blk.55.ffn_gate.input_scale
create_tensor: loading tensor blk.55.ffn_down.input_scale
create_tensor: loading tensor blk.55.ffn_up.input_scale
create_tensor: loading tensor blk.56.attn_qkv.scale
create_tensor: loading tensor blk.56.attn_gate.scale
create_tensor: loading tensor blk.56.ffn_gate.scale
create_tensor: loading tensor blk.56.ffn_down.scale
create_tensor: loading tensor blk.56.ffn_up.scale
create_tensor: loading tensor blk.56.ssm_out.scale
create_tensor: loading tensor blk.56.ssm_alpha.scale
create_tensor: loading tensor blk.56.ssm_beta.scale
create_tensor: loading tensor blk.56.attn_qkv.input_scale
create_tensor: loading tensor blk.56.attn_gate.input_scale
create_tensor: loading tensor blk.56.ffn_gate.input_scale
create_tensor: loading tensor blk.56.ffn_down.input_scale
create_tensor: loading tensor blk.56.ffn_up.input_scale
create_tensor: loading tensor blk.56.ssm_out.input_scale
create_tensor: loading tensor blk.56.ssm_alpha.input_scale
create_tensor: loading tensor blk.56.ssm_beta.input_scale
create_tensor: loading tensor blk.57.attn_qkv.scale
create_tensor: loading tensor blk.57.attn_gate.scale
create_tensor: loading tensor blk.57.ffn_gate.scale
create_tensor: loading tensor blk.57.ffn_down.scale
create_tensor: loading tensor blk.57.ffn_up.scale
create_tensor: loading tensor blk.57.ssm_out.scale
create_tensor: loading tensor blk.57.ssm_alpha.scale
create_tensor: loading tensor blk.57.ssm_beta.scale
create_tensor: loading tensor blk.57.attn_qkv.input_scale
create_tensor: loading tensor blk.57.attn_gate.input_scale
create_tensor: loading tensor blk.57.ffn_gate.input_scale
create_tensor: loading tensor blk.57.ffn_down.input_scale
create_tensor: loading tensor blk.57.ffn_up.input_scale
create_tensor: loading tensor blk.57.ssm_out.input_scale
create_tensor: loading tensor blk.57.ssm_alpha.input_scale
create_tensor: loading tensor blk.57.ssm_beta.input_scale
create_tensor: loading tensor blk.58.attn_qkv.scale
create_tensor: loading tensor blk.58.attn_gate.scale
create_tensor: loading tensor blk.58.ffn_gate.scale
create_tensor: loading tensor blk.58.ffn_down.scale
create_tensor: loading tensor blk.58.ffn_up.scale
create_tensor: loading tensor blk.58.ssm_out.scale
create_tensor: loading tensor blk.58.ssm_alpha.scale
create_tensor: loading tensor blk.58.ssm_beta.scale
create_tensor: loading tensor blk.58.attn_qkv.input_scale
create_tensor: loading tensor blk.58.attn_gate.input_scale
create_tensor: loading tensor blk.58.ffn_gate.input_scale
create_tensor: loading tensor blk.58.ffn_down.input_scale
create_tensor: loading tensor blk.58.ffn_up.input_scale
create_tensor: loading tensor blk.58.ssm_out.input_scale
create_tensor: loading tensor blk.58.ssm_alpha.input_scale
create_tensor: loading tensor blk.58.ssm_beta.input_scale
create_tensor: loading tensor blk.59.attn_q.scale
create_tensor: loading tensor blk.59.attn_k.scale
create_tensor: loading tensor blk.59.attn_v.scale
create_tensor: loading tensor blk.59.attn_output.scale
create_tensor: loading tensor blk.59.ffn_gate.scale
create_tensor: loading tensor blk.59.ffn_down.scale
create_tensor: loading tensor blk.59.ffn_up.scale
create_tensor: loading tensor blk.59.attn_q.input_scale
create_tensor: loading tensor blk.59.attn_k.input_scale
create_tensor: loading tensor blk.59.attn_v.input_scale
create_tensor: loading tensor blk.59.attn_output.input_scale
create_tensor: loading tensor blk.59.ffn_gate.input_scale
create_tensor: loading tensor blk.59.ffn_down.input_scale
create_tensor: loading tensor blk.59.ffn_up.input_scale
create_tensor: loading tensor blk.60.attn_qkv.scale
create_tensor: loading tensor blk.60.attn_gate.scale
create_tensor: loading tensor blk.60.ffn_gate.scale
create_tensor: loading tensor blk.60.ffn_down.scale
create_tensor: loading tensor blk.60.ffn_up.scale
create_tensor: loading tensor blk.60.ssm_out.scale
create_tensor: loading tensor blk.60.ssm_alpha.scale
create_tensor: loading tensor blk.60.ssm_beta.scale
create_tensor: loading tensor blk.60.attn_qkv.input_scale
create_tensor: loading tensor blk.60.attn_gate.input_scale
create_tensor: loading tensor blk.60.ffn_gate.input_scale
create_tensor: loading tensor blk.60.ffn_down.input_scale
create_tensor: loading tensor blk.60.ffn_up.input_scale
create_tensor: loading tensor blk.60.ssm_out.input_scale
create_tensor: loading tensor blk.60.ssm_alpha.input_scale
create_tensor: loading tensor blk.60.ssm_beta.input_scale
create_tensor: loading tensor blk.61.attn_qkv.scale
create_tensor: loading tensor blk.61.attn_gate.scale
create_tensor: loading tensor blk.61.ffn_gate.scale
create_tensor: loading tensor blk.61.ffn_down.scale
create_tensor: loading tensor blk.61.ffn_up.scale
create_tensor: loading tensor blk.61.ssm_out.scale
create_tensor: loading tensor blk.61.ssm_alpha.scale
create_tensor: loading tensor blk.61.ssm_beta.scale
create_tensor: loading tensor blk.61.attn_qkv.input_scale
create_tensor: loading tensor blk.61.attn_gate.input_scale
create_tensor: loading tensor blk.61.ffn_gate.input_scale
create_tensor: loading tensor blk.61.ffn_down.input_scale
create_tensor: loading tensor blk.61.ffn_up.input_scale
create_tensor: loading tensor blk.61.ssm_out.input_scale
create_tensor: loading tensor blk.61.ssm_alpha.input_scale
create_tensor: loading tensor blk.61.ssm_beta.input_scale
create_tensor: loading tensor blk.62.attn_qkv.scale
create_tensor: loading tensor blk.62.attn_gate.scale
create_tensor: loading tensor blk.62.ffn_gate.scale
create_tensor: loading tensor blk.62.ffn_down.scale
create_tensor: loading tensor blk.62.ffn_up.scale
create_tensor: loading tensor blk.62.ssm_out.scale
create_tensor: loading tensor blk.62.ssm_alpha.scale
create_tensor: loading tensor blk.62.ssm_beta.scale
create_tensor: loading tensor blk.62.attn_qkv.input_scale
create_tensor: loading tensor blk.62.attn_gate.input_scale
create_tensor: loading tensor blk.62.ffn_gate.input_scale
create_tensor: loading tensor blk.62.ffn_down.input_scale
create_tensor: loading tensor blk.62.ffn_up.input_scale
create_tensor: loading tensor blk.62.ssm_out.input_scale
create_tensor: loading tensor blk.62.ssm_alpha.input_scale
create_tensor: loading tensor blk.62.ssm_beta.input_scale
create_tensor: loading tensor blk.63.attn_q.scale
create_tensor: loading tensor blk.63.attn_k.scale
create_tensor: loading tensor blk.63.attn_v.scale
create_tensor: loading tensor blk.63.attn_output.scale
create_tensor: loading tensor blk.63.ffn_gate.scale
create_tensor: loading tensor blk.63.ffn_down.scale
create_tensor: loading tensor blk.63.ffn_up.scale
create_tensor: loading tensor blk.63.attn_q.input_scale
create_tensor: loading tensor blk.63.attn_k.input_scale
create_tensor: loading tensor blk.63.attn_v.input_scale
create_tensor: loading tensor blk.63.attn_output.input_scale
create_tensor: loading tensor blk.63.ffn_gate.input_scale
create_tensor: loading tensor blk.63.ffn_down.input_scale
create_tensor: loading tensor blk.63.ffn_up.input_scale
ggml_backend_cuda_get_available_uma_memory: final available_memory_kb: 97609540
ggml_backend_cuda_get_available_uma_memory: final available_memory_kb: 90813616
load_tensors: offloading output layer to GPU
load_tensors: offloading 63 repeating layers to GPU
load_tensors: offloaded 65/65 layers to GPU
load_tensors:        CUDA0 model buffer size =  6539.67 MiB
load_tensors:    CUDA_Host model buffer size =   322.07 MiB
ggml_backend_cuda_get_available_uma_memory: final available_memory_kb: 90481520
load_all_data: using async uploads for device CUDA0, buffer type CUDA0, backend CUDA0
...........................................................................................load_all_data: buffer type CUDA_Host is not the default buffer type for device CUDA0 for async uploads
..
load_tensors: loaded 402 Hadamard-folded weight(s) (1 inverse-lookup) using 1 rotation(s) and 3 sign vector(s)
llama_init_from_model: model default pooling_type is [-1], but [0] was specified
llama_context: constructing llama_context
llama_context: n_seq_max             = 1
llama_context: n_ctx                 = 2048
llama_context: n_ctx_seq             = 2048
llama_context: n_batch               = 2048
llama_context: n_ubatch              = 2048
llama_context: causal_attn           = 1
llama_context: flash_attn            = enabled
llama_context: kv_unified            = false
llama_context: freq_base             = 10000000.0
llama_context: freq_scale            = 1
llama_context: n_rs_seq              = 0
llama_context: n_outputs_max         = 2048
llama_context: n_outputs_max_per_seq = 1
llama_context: n_ctx_seq (2048) < n_ctx_train (262144) -- the full capacity of the model will not be utilized
set_abort_callback: call
llama_context:  CUDA_Host  output buffer size =     0.95 MiB
llama_kv_cache: layer   0: filtered
llama_kv_cache: layer   1: filtered
llama_kv_cache: layer   2: filtered
llama_kv_cache: layer   3: dev = CUDA0
llama_kv_cache: layer   4: filtered
llama_kv_cache: layer   5: filtered
llama_kv_cache: layer   6: filtered
llama_kv_cache: layer   7: dev = CUDA0
llama_kv_cache: layer   8: filtered
llama_kv_cache: layer   9: filtered
llama_kv_cache: layer  10: filtered
llama_kv_cache: layer  11: dev = CUDA0
llama_kv_cache: layer  12: filtered
llama_kv_cache: layer  13: filtered
llama_kv_cache: layer  14: filtered
llama_kv_cache: layer  15: dev = CUDA0
llama_kv_cache: layer  16: filtered
llama_kv_cache: layer  17: filtered
llama_kv_cache: layer  18: filtered
llama_kv_cache: layer  19: dev = CUDA0
llama_kv_cache: layer  20: filtered
llama_kv_cache: layer  21: filtered
llama_kv_cache: layer  22: filtered
llama_kv_cache: layer  23: dev = CUDA0
llama_kv_cache: layer  24: filtered
llama_kv_cache: layer  25: filtered
llama_kv_cache: layer  26: filtered
llama_kv_cache: layer  27: dev = CUDA0
llama_kv_cache: layer  28: filtered
llama_kv_cache: layer  29: filtered
llama_kv_cache: layer  30: filtered
llama_kv_cache: layer  31: dev = CUDA0
llama_kv_cache: layer  32: filtered
llama_kv_cache: layer  33: filtered
llama_kv_cache: layer  34: filtered
llama_kv_cache: layer  35: dev = CUDA0
llama_kv_cache: layer  36: filtered
llama_kv_cache: layer  37: filtered
llama_kv_cache: layer  38: filtered
llama_kv_cache: layer  39: dev = CUDA0
llama_kv_cache: layer  40: filtered
llama_kv_cache: layer  41: filtered
llama_kv_cache: layer  42: filtered
llama_kv_cache: layer  43: dev = CUDA0
llama_kv_cache: layer  44: filtered
llama_kv_cache: layer  45: filtered
llama_kv_cache: layer  46: filtered
llama_kv_cache: layer  47: dev = CUDA0
llama_kv_cache: layer  48: filtered
llama_kv_cache: layer  49: filtered
llama_kv_cache: layer  50: filtered
llama_kv_cache: layer  51: dev = CUDA0
llama_kv_cache: layer  52: filtered
llama_kv_cache: layer  53: filtered
llama_kv_cache: layer  54: filtered
llama_kv_cache: layer  55: dev = CUDA0
llama_kv_cache: layer  56: filtered
llama_kv_cache: layer  57: filtered
llama_kv_cache: layer  58: filtered
llama_kv_cache: layer  59: dev = CUDA0
llama_kv_cache: layer  60: filtered
llama_kv_cache: layer  61: filtered
llama_kv_cache: layer  62: filtered
llama_kv_cache: layer  63: dev = CUDA0
llama_kv_cache:      CUDA0 KV buffer size =   128.00 MiB
llama_kv_cache: size =  128.00 MiB (  2048 cells,  16 layers,  1/1 seqs), K (f16):   64.00 MiB, V (f16):   64.00 MiB
llama_kv_cache: attn_rot_k = 0, n_embd_head_k_all = 256
llama_kv_cache: attn_rot_v = 0, n_embd_head_k_all = 256
llama_memory_recurrent, layer   0: dev = CUDA0
llama_memory_recurrent, layer   1: dev = CUDA0
llama_memory_recurrent, layer   2: dev = CUDA0
llama_memory_recurrent: layer   3: skipped
llama_memory_recurrent, layer   4: dev = CUDA0
llama_memory_recurrent, layer   5: dev = CUDA0
llama_memory_recurrent, layer   6: dev = CUDA0
llama_memory_recurrent: layer   7: skipped
llama_memory_recurrent, layer   8: dev = CUDA0
llama_memory_recurrent, layer   9: dev = CUDA0
llama_memory_recurrent, layer  10: dev = CUDA0
llama_memory_recurrent: layer  11: skipped
llama_memory_recurrent, layer  12: dev = CUDA0
llama_memory_recurrent, layer  13: dev = CUDA0
llama_memory_recurrent, layer  14: dev = CUDA0
llama_memory_recurrent: layer  15: skipped
llama_memory_recurrent, layer  16: dev = CUDA0
llama_memory_recurrent, layer  17: dev = CUDA0
llama_memory_recurrent, layer  18: dev = CUDA0
llama_memory_recurrent: layer  19: skipped
llama_memory_recurrent, layer  20: dev = CUDA0
llama_memory_recurrent, layer  21: dev = CUDA0
llama_memory_recurrent, layer  22: dev = CUDA0
llama_memory_recurrent: layer  23: skipped
llama_memory_recurrent, layer  24: dev = CUDA0
llama_memory_recurrent, layer  25: dev = CUDA0
llama_memory_recurrent, layer  26: dev = CUDA0
llama_memory_recurrent: layer  27: skipped
llama_memory_recurrent, layer  28: dev = CUDA0
llama_memory_recurrent, layer  29: dev = CUDA0
llama_memory_recurrent, layer  30: dev = CUDA0
llama_memory_recurrent: layer  31: skipped
llama_memory_recurrent, layer  32: dev = CUDA0
llama_memory_recurrent, layer  33: dev = CUDA0
llama_memory_recurrent, layer  34: dev = CUDA0
llama_memory_recurrent: layer  35: skipped
llama_memory_recurrent, layer  36: dev = CUDA0
llama_memory_recurrent, layer  37: dev = CUDA0
llama_memory_recurrent, layer  38: dev = CUDA0
llama_memory_recurrent: layer  39: skipped
llama_memory_recurrent, layer  40: dev = CUDA0
llama_memory_recurrent, layer  41: dev = CUDA0
llama_memory_recurrent, layer  42: dev = CUDA0
llama_memory_recurrent: layer  43: skipped
llama_memory_recurrent, layer  44: dev = CUDA0
llama_memory_recurrent, layer  45: dev = CUDA0
llama_memory_recurrent, layer  46: dev = CUDA0
llama_memory_recurrent: layer  47: skipped
llama_memory_recurrent, layer  48: dev = CUDA0
llama_memory_recurrent, layer  49: dev = CUDA0
llama_memory_recurrent, layer  50: dev = CUDA0
llama_memory_recurrent: layer  51: skipped
llama_memory_recurrent, layer  52: dev = CUDA0
llama_memory_recurrent, layer  53: dev = CUDA0
llama_memory_recurrent, layer  54: dev = CUDA0
llama_memory_recurrent: layer  55: skipped
llama_memory_recurrent, layer  56: dev = CUDA0
llama_memory_recurrent, layer  57: dev = CUDA0
llama_memory_recurrent, layer  58: dev = CUDA0
llama_memory_recurrent: layer  59: skipped
llama_memory_recurrent, layer  60: dev = CUDA0
llama_memory_recurrent, layer  61: dev = CUDA0
llama_memory_recurrent, layer  62: dev = CUDA0
llama_memory_recurrent: layer  63: skipped
llama_memory_recurrent:      CUDA0 RS buffer size =   149.62 MiB
llama_memory_recurrent: size =  149.62 MiB (     1 cells,  64 layers,  1 seqs  0 rs_seq), R (f32):    5.62 MiB, S (f32):  144.00 MiB
llama_context: enumerating backends
llama_context: backend_ptrs.size() = 2
sched_reserve: reserving ...
sched_reserve: max_nodes = 81920
sched_reserve: reserving full memory module
sched_reserve: worst-case: n_tokens = 2048, n_seqs = 1, n_outputs = 1
resolve_fused_ops: resolving fused Gated Delta Net support:
graph_reserve: reserving a graph for ubatch with n_tokens =    1, n_seqs =  1, n_outputs =    1
resolve_fused_ops: fused Gated Delta Net (autoregressive) enabled
graph_reserve: reserving a graph for ubatch with n_tokens =   16, n_seqs =  1, n_outputs =   16
resolve_fused_ops: fused Gated Delta Net (chunked) enabled
resolve_fused_ops: resolving fused Lightning Indexer support:
graph_reserve: reserving a graph for ubatch with n_tokens =    1, n_seqs =  1, n_outputs =    1
resolve_fused_ops: Lightning Indexer enabled
resolve_fused_ops: resolving fused DeepSeek V4 HC support:
graph_reserve: reserving a graph for ubatch with n_tokens =    1, n_seqs =  1, n_outputs =    1
resolve_fused_ops: fused DeepSeek V4 HC pre enabled
graph_reserve: reserving a graph for ubatch with n_tokens =    1, n_seqs =  1, n_outputs =    1
resolve_fused_ops: fused DeepSeek V4 HC comb enabled
graph_reserve: reserving a graph for ubatch with n_tokens =    1, n_seqs =  1, n_outputs =    1
resolve_fused_ops: fused DeepSeek V4 HC post enabled
graph_reserve: reserving a graph for ubatch with n_tokens = 2048, n_seqs =  1, n_outputs = 2048
graph_reserve: reserving a graph for ubatch with n_tokens =    1, n_seqs =  1, n_outputs =    1
graph_reserve: reserving a graph for ubatch with n_tokens = 2048, n_seqs =  1, n_outputs = 2048
sched_reserve:      CUDA0 compute buffer size =  2108.07 MiB
sched_reserve:  CUDA_Host compute buffer size =    88.08 MiB
sched_reserve: graph nodes  = 4639
sched_reserve: graph splits = 2
sched_reserve: reserve took 138.36 ms, sched copies = 1
set_embeddings: value = 1
set_embeddings_layer_inp: lid = 6, enable = 1
set_embeddings_layer_inp: lid = 34, enable = 1
set_embeddings_layer_inp: lid = 62, enable = 1
sched_reserve: reserving ...
sched_reserve: max_nodes = 81920
sched_reserve: reserving full memory module
sched_reserve: worst-case: n_tokens = 2048, n_seqs = 1, n_outputs = 1
graph_reserve: reserving a graph for ubatch with n_tokens = 2048, n_seqs =  1, n_outputs = 2048
graph_reserve: reserving a graph for ubatch with n_tokens =    1, n_seqs =  1, n_outputs =    1
graph_reserve: reserving a graph for ubatch with n_tokens = 2048, n_seqs =  1, n_outputs = 2048
sched_reserve:      CUDA0 compute buffer size =  2244.07 MiB
sched_reserve:  CUDA_Host compute buffer size =    88.08 MiB
sched_reserve: graph nodes  = 4639
sched_reserve: graph splits = 2
sched_reserve: reserve took 173.86 ms, sched copies = 1
=== Bonsai 2 EAGLE-3 feature extractor (BON3, 3 taps, f16) ===
model:/home/REDACTED/Bonsai-demo/models/bonsai2-gguf/27B/Ternary-Bonsai-2-27B-PQ2_0.gguf
data:prompts_gen_broad2_a.jsonl
out:feats_e3/broad2_a.bin
  feat 50 (skip 0) | tok 25073 gen 20916 | 795.3 tok/s | 31.5s
  feat 100 (skip 0) | tok 51730 gen 43220 | 831.8 tok/s | 62.2s
  feat 150 (skip 0) | tok 79077 gen 64977 | 846.2 tok/s | 93.5s
  feat 200 (skip 0) | tok 105722 gen 87284 | 851.8 tok/s | 124.1s
  feat 250 (skip 0) | tok 132591 gen 110123 | 856.4 tok/s | 154.8s
  feat 300 (skip 0) | tok 159450 gen 132744 | 859.9 tok/s | 185.4s
CUDA Graph id 990 reused
ggml_backend_cuda_graph_compute: CUDA graph warmup complete
ggml_backend_cuda_graph_compute: CUDA graph warmup reset
  feat 350 (skip 0) | tok 187990 gen 155857 | 858.2 tok/s | 219.0s
CUDA Graph id 1170 reused
ggml_backend_cuda_graph_compute: CUDA graph warmup complete
ggml_backend_cuda_graph_compute: CUDA graph warmup reset
  feat 400 (skip 0) | tok 217017 gen 178694 | 860.0 tok/s | 252.3s
  feat 450 (skip 0) | tok 244504 gen 200486 | 861.5 tok/s | 283.8s
CUDA Graph id 1413 reused
ggml_backend_cuda_graph_compute: CUDA graph warmup complete
ggml_backend_cuda_graph_compute: CUDA graph warmup reset
  feat 500 (skip 0) | tok 270886 gen 223106 | 862.4 tok/s | 314.1s
  feat 550 (skip 0) | tok 299767 gen 246616 | 863.7 tok/s | 347.1s
  feat 600 (skip 0) | tok 326689 gen 268796 | 864.7 tok/s | 377.8s
  feat 650 (skip 0) | tok 353587 gen 291638 | 864.9 tok/s | 408.8s
  feat 700 (skip 0) | tok 380017 gen 313150 | 865.8 tok/s | 438.9s
  feat 750 (skip 0) | tok 405791 gen 334641 | 866.4 tok/s | 468.4s
  feat 800 (skip 0) | tok 432965 gen 357226 | 867.3 tok/s | 499.2s
CUDA Graph id 2457 reused
ggml_backend_cuda_graph_compute: CUDA graph warmup complete
ggml_backend_cuda_graph_compute: CUDA graph warmup reset
  feat 850 (skip 0) | tok 457998 gen 378680 | 867.8 tok/s | 527.8s
  feat 900 (skip 0) | tok 484647 gen 400971 | 868.1 tok/s | 558.3s
  feat 950 (skip 0) | tok 511544 gen 423647 | 868.4 tok/s | 589.1s
CUDA Graph id 2979 reused
ggml_backend_cuda_graph_compute: CUDA graph warmup complete
ggml_backend_cuda_graph_compute: CUDA graph warmup reset
  feat 1000 (skip 0) | tok 538511 gen 446575 | 868.8 tok/s | 619.8s
  feat 1050 (skip 0) | tok 565587 gen 468329 | 869.3 tok/s | 650.6s
  feat 1100 (skip 0) | tok 592793 gen 490987 | 869.8 tok/s | 681.6s
  feat 1150 (skip 0) | tok 618011 gen 511695 | 869.9 tok/s | 710.4s
CUDA Graph id 3561 reused
ggml_backend_cuda_graph_compute: CUDA graph warmup complete
ggml_backend_cuda_graph_compute: CUDA graph warmup reset
  feat 1200 (skip 0) | tok 643572 gen 531808 | 870.2 tok/s | 739.6s
CUDA Graph id 3687 reused
ggml_backend_cuda_graph_compute: CUDA graph warmup complete
ggml_backend_cuda_graph_compute: CUDA graph warmup reset
  feat 1250 (skip 0) | tok 668441 gen 553002 | 870.5 tok/s | 767.9s
CUDA Graph id 3789 reused
ggml_backend_cuda_graph_compute: CUDA graph warmup complete
ggml_backend_cuda_graph_compute: CUDA graph warmup reset
  feat 1300 (skip 0) | tok 695937 gen 575957 | 870.7 tok/s | 799.3s
  feat 1350 (skip 0) | tok 723474 gen 598244 | 870.9 tok/s | 830.7s
  feat 1400 (skip 0) | tok 749713 gen 619314 | 870.4 tok/s | 861.4s
  feat 1450 (skip 0) | tok 775506 gen 641270 | 870.4 tok/s | 891.0s
  feat 1500 (skip 0) | tok 802355 gen 664069 | 870.4 tok/s | 921.8s
CUDA Graph id 4581 reused
ggml_backend_cuda_graph_compute: CUDA graph warmup complete
ggml_backend_cuda_graph_compute: CUDA graph warmup reset
  feat 1550 (skip 0) | tok 828156 gen 686334 | 870.5 tok/s | 951.4s
CUDA Graph id 4713 reused
ggml_backend_cuda_graph_compute: CUDA graph warmup complete
ggml_backend_cuda_graph_compute: CUDA graph warmup reset
  feat 1600 (skip 0) | tok 856504 gen 710640 | 870.8 tok/s | 983.6s
  feat 1650 (skip 0) | tok 884283 gen 732472 | 870.9 tok/s | 1015.3s
  feat 1700 (skip 0) | tok 911680 gen 755428 | 871.0 tok/s | 1046.7s
  feat 1750 (skip 0) | tok 937762 gen 777555 | 871.1 tok/s | 1076.6s
  feat 1800 (skip 0) | tok 964415 gen 799978 | 870.7 tok/s | 1107.6s
  feat 1850 (skip 0) | tok 992253 gen 823441 | 870.9 tok/s | 1139.3s
  feat 1900 (skip 0) | tok 1020268 gen 846137 | 871.1 tok/s | 1171.3s
  feat 1950 (skip 0) | tok 1047736 gen 868828 | 871.2 tok/s | 1202.6s
  feat 2000 (skip 0) | tok 1073518 gen 890680 | 871.4 tok/s | 1232.0s
  feat 2050 (skip 0) | tok 1101870 gen 913204 | 871.5 tok/s | 1264.3s
  feat 2100 (skip 0) | tok 1130754 gen 935953 | 871.3 tok/s | 1297.8s
  feat 2150 (skip 0) | tok 1158070 gen 957924 | 871.5 tok/s | 1328.9s
  feat 2200 (skip 0) | tok 1185080 gen 979824 | 871.5 tok/s | 1359.8s
  feat 2250 (skip 0) | tok 1213490 gen 1002549 | 871.6 tok/s | 1392.2s
  feat 2300 (skip 0) | tok 1241136 gen 1024375 | 871.7 tok/s | 1423.9s
  feat 2350 (skip 0) | tok 1268016 gen 1048134 | 871.7 tok/s | 1454.6s
  feat 2400 (skip 0) | tok 1295372 gen 1070149 | 871.7 tok/s | 1486.0s
  feat 2450 (skip 0) | tok 1323451 gen 1092196 | 871.8 tok/s | 1518.1s
  feat 2500 (skip 0) | tok 1350981 gen 1114500 | 871.4 tok/s | 1550.3s
CUDA Graph id 7587 reused
ggml_backend_cuda_graph_compute: CUDA graph warmup complete
ggml_backend_cuda_graph_compute: CUDA graph warmup reset
  feat 2550 (skip 0) | tok 1375799 gen 1135226 | 871.5 tok/s | 1578.7s
  feat 2600 (skip 0) | tok 1400324 gen 1155893 | 871.5 tok/s | 1606.9s
  feat 2650 (skip 0) | tok 1428680 gen 1179488 | 871.5 tok/s | 1639.4s
  feat 2700 (skip 0) | tok 1454934 gen 1200715 | 871.4 tok/s | 1669.7s
CUDA Graph id 8139 reused
ggml_backend_cuda_graph_compute: CUDA graph warmup complete
ggml_backend_cuda_graph_compute: CUDA graph warmup reset
CUDA Graph id 8232 reused
ggml_backend_cuda_graph_compute: CUDA graph warmup complete
ggml_backend_cuda_graph_compute: CUDA graph warmup reset
  feat 2750 (skip 0) | tok 1481984 gen 1223246 | 871.4 tok/s | 1700.6s
CUDA Graph id 8286 reused
ggml_backend_cuda_graph_compute: CUDA graph warmup complete
ggml_backend_cuda_graph_compute: CUDA graph warmup reset
  feat 2800 (skip 0) | tok 1507675 gen 1244925 | 871.4 tok/s | 1730.2s
  feat 2850 (skip 0) | tok 1535363 gen 1267374 | 871.4 tok/s | 1761.9s
  feat 2900 (skip 0) | tok 1561257 gen 1288911 | 870.3 tok/s | 1794.0s
  feat 2950 (skip 0) | tok 1586771 gen 1310683 | 869.6 tok/s | 1824.8s
  feat 3000 (skip 0) | tok 1613159 gen 1332460 | 869.5 tok/s | 1855.2s
  feat 3050 (skip 0) | tok 1640225 gen 1354720 | 869.5 tok/s | 1886.5s
  feat 3100 (skip 0) | tok 1667106 gen 1376669 | 869.6 tok/s | 1917.2s
  feat 3150 (skip 0) | tok 1693574 gen 1398951 | 869.5 tok/s | 1947.8s
  feat 3200 (skip 0) | tok 1719372 gen 1421170 | 869.5 tok/s | 1977.5s
  feat 3250 (skip 0) | tok 1746288 gen 1443735 | 869.6 tok/s | 2008.2s
  feat 3300 (skip 0) | tok 1773791 gen 1466275 | 869.2 tok/s | 2040.7s
  feat 3350 (skip 0) | tok 1800934 gen 1488556 | 869.2 tok/s | 2072.0s
CUDA Graph id 10155 reused
ggml_backend_cuda_graph_compute: CUDA graph warmup complete
ggml_backend_cuda_graph_compute: CUDA graph warmup reset
  feat 3400 (skip 0) | tok 1827549 gen 1511147 | 869.1 tok/s | 2102.9s
  feat 3450 (skip 0) | tok 1854036 gen 1534210 | 868.8 tok/s | 2134.0s
  feat 3500 (skip 0) | tok 1880425 gen 1556183 | 868.7 tok/s | 2164.7s
CUDA Graph id 10515 reused
ggml_backend_cuda_graph_compute: CUDA graph warmup complete
ggml_backend_cuda_graph_compute: CUDA graph warmup reset
  feat 3550 (skip 0) | tok 1907586 gen 1578308 | 868.6 tok/s | 2196.2s
  feat 3600 (skip 0) | tok 1932642 gen 1598626 | 868.5 tok/s | 2225.3s
CUDA Graph id 10917 reused
ggml_backend_cuda_graph_compute: CUDA graph warmup complete
ggml_backend_cuda_graph_compute: CUDA graph warmup reset
  feat 3650 (skip 0) | tok 1959205 gen 1620595 | 868.4 tok/s | 2256.2s
  feat 3700 (skip 0) | tok 1988614 gen 1643458 | 868.2 tok/s | 2290.4s
CUDA Graph id 11091 reused
ggml_backend_cuda_graph_compute: CUDA graph warmup complete
ggml_backend_cuda_graph_compute: CUDA graph warmup reset
  feat 3750 (skip 0) | tok 2015021 gen 1665459 | 868.2 tok/s | 2320.8s
  feat 3800 (skip 0) | tok 2043747 gen 1689196 | 868.2 tok/s | 2354.1s
  feat 3850 (skip 0) | tok 2070801 gen 1711693 | 868.0 tok/s | 2385.7s
  feat 3900 (skip 0) | tok 2098019 gen 1733990 | 867.9 tok/s | 2417.3s
  feat 3950 (skip 0) | tok 2125317 gen 1756638 | 867.8 tok/s | 2449.0s
  feat 4000 (skip 0) | tok 2152401 gen 1779026 | 867.7 tok/s | 2480.5s
  feat 4050 (skip 0) | tok 2178405 gen 1801267 | 867.6 tok/s | 2510.7s
  feat 4100 (skip 0) | tok 2205923 gen 1823712 | 867.6 tok/s | 2542.6s
  feat 4150 (skip 0) | tok 2230834 gen 1844251 | 867.6 tok/s | 2571.3s
  feat 4200 (skip 0) | tok 2257859 gen 1866741 | 867.7 tok/s | 2602.2s
  feat 4250 (skip 0) | tok 2285754 gen 1889888 | 867.8 tok/s | 2633.9s
  feat 4300 (skip 0) | tok 2311422 gen 1911744 | 867.9 tok/s | 2663.2s
CUDA Graph id 13002 reused
ggml_backend_cuda_graph_compute: CUDA graph warmup complete
ggml_backend_cuda_graph_compute: CUDA graph warmup reset
  feat 4350 (skip 0) | tok 2339743 gen 1935563 | 868.0 tok/s | 2695.6s
  feat 4400 (skip 0) | tok 2365688 gen 1957363 | 867.9 tok/s | 2725.8s
  feat 4450 (skip 0) | tok 2391400 gen 1977852 | 867.7 tok/s | 2755.9s
  feat 4500 (skip 0) | tok 2418180 gen 1999484 | 867.7 tok/s | 2786.9s
  feat 4550 (skip 0) | tok 2443641 gen 2020490 | 867.7 tok/s | 2816.1s
  feat 4600 (skip 0) | tok 2471426 gen 2042871 | 867.8 tok/s | 2847.8s
  feat 4650 (skip 0) | tok 2498467 gen 2064481 | 867.8 tok/s | 2878.9s
  feat 4700 (skip 0) | tok 2525863 gen 2087426 | 867.9 tok/s | 2910.3s
  feat 4750 (skip 0) | tok 2550367 gen 2107802 | 867.9 tok/s | 2938.6s
  feat 4800 (skip 0) | tok 2574999 gen 2128727 | 867.9 tok/s | 2967.0s
  feat 4850 (skip 0) | tok 2601390 gen 2150575 | 868.0 tok/s | 2997.1s
  feat 4900 (skip 0) | tok 2628503 gen 2171939 | 868.0 tok/s | 3028.2s
  feat 4950 (skip 0) | tok 2654404 gen 2193580 | 868.0 tok/s | 3058.1s
  feat 5000 (skip 0) | tok 2681784 gen 2216144 | 868.0 tok/s | 3089.5s
  feat 5050 (skip 0) | tok 2708127 gen 2237589 | 868.1 tok/s | 3119.8s
  feat 5100 (skip 0) | tok 2735830 gen 2261142 | 868.1 tok/s | 3151.5s
CUDA Graph id 15408 reused
ggml_backend_cuda_graph_compute: CUDA graph warmup complete
ggml_backend_cuda_graph_compute: CUDA graph warmup reset
  feat 5150 (skip 0) | tok 2764438 gen 2284396 | 868.2 tok/s | 3184.2s
  feat 5200 (skip 0) | tok 2791504 gen 2306294 | 868.2 tok/s | 3215.3s
  feat 5250 (skip 0) | tok 2818496 gen 2328958 | 868.2 tok/s | 3246.3s
  feat 5300 (skip 0) | tok 2846012 gen 2352104 | 868.2 tok/s | 3278.0s
  feat 5350 (skip 0) | tok 2873651 gen 2374987 | 868.2 tok/s | 3309.8s
CUDA Graph id 16140 reused
ggml_backend_cuda_graph_compute: CUDA graph warmup complete
ggml_backend_cuda_graph_compute: CUDA graph warmup reset
  feat 5400 (skip 0) | tok 2900469 gen 2398134 | 868.2 tok/s | 3340.6s
CUDA Graph id 16248 reused
ggml_backend_cuda_graph_compute: CUDA graph warmup complete
ggml_backend_cuda_graph_compute: CUDA graph warmup reset
  feat 5450 (skip 0) | tok 2925743 gen 2418757 | 868.3 tok/s | 3369.7s
  feat 5500 (skip 0) | tok 2951917 gen 2440156 | 868.3 tok/s | 3399.8s
  feat 5550 (skip 0) | tok 2978804 gen 2462662 | 868.1 tok/s | 3431.4s
  feat 5600 (skip 0) | tok 3004715 gen 2484207 | 868.1 tok/s | 3461.3s
CUDA Graph id 16869 reused
ggml_backend_cuda_graph_compute: CUDA graph warmup complete
ggml_backend_cuda_graph_compute: CUDA graph warmup reset
  feat 5650 (skip 0) | tok 3031740 gen 2506728 | 868.1 tok/s | 3492.4s
  feat 5700 (skip 0) | tok 3058869 gen 2529211 | 868.1 tok/s | 3523.7s
CUDA Graph id 17103 reused
ggml_backend_cuda_graph_compute: CUDA graph warmup complete
ggml_backend_cuda_graph_compute: CUDA graph warmup reset
  feat 5750 (skip 0) | tok 3086573 gen 2552898 | 868.0 tok/s | 3555.9s
  feat 5800 (skip 0) | tok 3114627 gen 2575742 | 867.9 tok/s | 3588.8s
CUDA Graph id 17364 reused
ggml_backend_cuda_graph_compute: CUDA graph warmup complete
ggml_backend_cuda_graph_compute: CUDA graph warmup reset
  feat 5850 (skip 0) | tok 3139979 gen 2596658 | 867.9 tok/s | 3618.1s
  feat 5900 (skip 0) | tok 3164803 gen 2616606 | 867.8 tok/s | 3647.0s
  feat 5950 (skip 0) | tok 3193529 gen 2639548 | 867.7 tok/s | 3680.5s
  feat 6000 (skip 0) | tok 3221445 gen 2662594 | 867.6 tok/s | 3712.8s
  feat 6050 (skip 0) | tok 3246421 gen 2683618 | 867.6 tok/s | 3741.7s
  feat 6100 (skip 0) | tok 3273594 gen 2705686 | 867.6 tok/s | 3773.1s
CUDA Graph id 18300 reused
ggml_backend_cuda_graph_compute: CUDA graph warmup complete
ggml_backend_cuda_graph_compute: CUDA graph warmup reset
CUDA Graph id 18312 reused
ggml_backend_cuda_graph_compute: CUDA graph warmup complete
ggml_backend_cuda_graph_compute: CUDA graph warmup reset
  feat 6150 (skip 0) | tok 3301047 gen 2728096 | 867.6 tok/s | 3804.9s
  feat 6200 (skip 0) | tok 3327327 gen 2750157 | 867.5 tok/s | 3835.4s
  feat 6250 (skip 0) | tok 3354654 gen 2771999 | 867.5 tok/s | 3867.2s
  feat 6300 (skip 0) | tok 3381547 gen 2794038 | 867.4 tok/s | 3898.4s
  feat 6350 (skip 0) | tok 3408479 gen 2815684 | 867.4 tok/s | 3929.6s
  feat 6400 (skip 0) | tok 3433657 gen 2836711 | 867.4 tok/s | 3958.7s
  feat 6450 (skip 0) | tok 3461306 gen 2858893 | 867.3 tok/s | 3990.8s
  feat 6500 (skip 0) | tok 3490143 gen 2882031 | 867.3 tok/s | 4024.1s
  feat 6550 (skip 0) | tok 3518916 gen 2905284 | 867.4 tok/s | 4057.0s
CUDA Graph id 19740 reused
ggml_backend_cuda_graph_compute: CUDA graph warmup complete
ggml_backend_cuda_graph_compute: CUDA graph warmup reset
  feat 6600 (skip 0) | tok 3546898 gen 2928861 | 867.4 tok/s | 4089.1s
  feat 6650 (skip 0) | tok 3572489 gen 2950726 | 867.4 tok/s | 4118.5s
  feat 6700 (skip 0) | tok 3599159 gen 2972459 | 867.5 tok/s | 4149.0s
CUDA Graph id 20145 reused
ggml_backend_cuda_graph_compute: CUDA graph warmup complete
ggml_backend_cuda_graph_compute: CUDA graph warmup reset
  feat 6750 (skip 0) | tok 3624977 gen 2995189 | 867.5 tok/s | 4178.7s
  feat 6800 (skip 0) | tok 3651107 gen 3017280 | 867.5 tok/s | 4208.9s
  feat 6850 (skip 0) | tok 3679466 gen 3040454 | 867.4 tok/s | 4241.8s
CUDA Graph id 20571 reused
ggml_backend_cuda_graph_compute: CUDA graph warmup complete
ggml_backend_cuda_graph_compute: CUDA graph warmup reset
  feat 6900 (skip 0) | tok 3706356 gen 3062839 | 867.0 tok/s | 4274.9s
  feat 6950 (skip 0) | tok 3732800 gen 3085023 | 867.0 tok/s | 4305.4s
  feat 7000 (skip 0) | tok 3759774 gen 3107179 | 867.0 tok/s | 4336.4s
  feat 7050 (skip 0) | tok 3786173 gen 3129003 | 867.0 tok/s | 4366.8s
  feat 7100 (skip 0) | tok 3811338 gen 3150324 | 867.0 tok/s | 4396.0s
  feat 7150 (skip 0) | tok 3838436 gen 3173017 | 867.0 tok/s | 4427.2s
CUDA Graph id 21402 reused
ggml_backend_cuda_graph_compute: CUDA graph warmup complete
ggml_backend_cuda_graph_compute: CUDA graph warmup reset
  feat 7200 (skip 0) | tok 3864587 gen 3195351 | 867.0 tok/s | 4457.5s
  feat 7250 (skip 0) | tok 3891740 gen 3217881 | 866.9 tok/s | 4489.1s
  feat 7300 (skip 0) | tok 3918902 gen 3240431 | 867.0 tok/s | 4520.3s
  feat 7350 (skip 0) | tok 3945263 gen 3262834 | 866.9 tok/s | 4550.7s
  feat 7400 (skip 0) | tok 3973010 gen 3285570 | 866.9 tok/s | 4583.0s
  feat 7450 (skip 0) | tok 3999464 gen 3308623 | 866.9 tok/s | 4613.5s
CUDA Graph id 22326 reused
ggml_backend_cuda_graph_compute: CUDA graph warmup complete
ggml_backend_cuda_graph_compute: CUDA graph warmup reset
  feat 7500 (skip 0) | tok 4027897 gen 3331400 | 866.9 tok/s | 4646.2s
CUDA Graph id 22542 reused
ggml_backend_cuda_graph_compute: CUDA graph warmup complete
ggml_backend_cuda_graph_compute: CUDA graph warmup reset
  feat 7550 (skip 0) | tok 4054911 gen 3353640 | 866.9 tok/s | 4677.4s
  feat 7600 (skip 0) | tok 4082453 gen 3375405 | 866.9 tok/s | 4709.3s
  feat 7650 (skip 0) | tok 4109004 gen 3397698 | 866.9 tok/s | 4740.2s
  feat 7700 (skip 0) | tok 4135101 gen 3420446 | 866.8 tok/s | 4770.5s
  feat 7750 (skip 0) | tok 4162251 gen 3443536 | 866.8 tok/s | 4801.8s
  feat 7800 (skip 0) | tok 4188796 gen 3465801 | 866.8 tok/s | 4832.5s
  feat 7850 (skip 0) | tok 4215009 gen 3487958 | 866.8 tok/s | 4862.9s
  feat 7900 (skip 0) | tok 4242438 gen 3510339 | 866.7 tok/s | 4894.8s
  feat 7950 (skip 0) | tok 4268723 gen 3531143 | 866.7 tok/s | 4925.1s
  feat 8000 (skip 0) | tok 4296757 gen 3555165 | 866.7 tok/s | 4957.5s
  feat 8050 (skip 0) | tok 4324810 gen 3577535 | 866.8 tok/s | 4989.6s
  feat 8100 (skip 0) | tok 4353449 gen 3601335 | 866.8 tok/s | 5022.4s
  feat 8150 (skip 0) | tok 4379938 gen 3623430 | 866.8 tok/s | 5052.8s
  feat 8200 (skip 0) | tok 4408590 gen 3647085 | 866.9 tok/s | 5085.6s
  feat 8250 (skip 0) | tok 4435556 gen 3669782 | 866.9 tok/s | 5116.4s
  feat 8300 (skip 0) | tok 4463776 gen 3692645 | 867.0 tok/s | 5148.8s
  feat 8350 (skip 0) | tok 4489077 gen 3714038 | 867.0 tok/s | 5178.0s
  feat 8400 (skip 0) | tok 4515205 gen 3735935 | 867.0 tok/s | 5208.1s
  feat 8450 (skip 0) | tok 4542939 gen 3758598 | 867.0 tok/s | 5239.8s
  feat 8500 (skip 0) | tok 4568215 gen 3780564 | 867.0 tok/s | 5268.8s
  feat 8550 (skip 0) | tok 4596694 gen 3804086 | 867.0 tok/s | 5301.6s
  feat 8600 (skip 0) | tok 4624790 gen 3827685 | 867.1 tok/s | 5333.9s
  feat 8650 (skip 0) | tok 4652879 gen 3850740 | 867.1 tok/s | 5366.3s
  feat 8700 (skip 0) | tok 4680592 gen 3873396 | 867.1 tok/s | 5398.1s
  feat 8750 (skip 0) | tok 4705451 gen 3894593 | 867.1 tok/s | 5426.7s
  feat 8800 (skip 0) | tok 4732481 gen 3917214 | 867.1 tok/s | 5457.9s
  feat 8850 (skip 0) | tok 4761733 gen 3940042 | 867.1 tok/s | 5491.3s
  feat 8900 (skip 0) | tok 4790976 gen 3963044 | 867.2 tok/s | 5524.8s
  feat 8950 (skip 0) | tok 4818618 gen 3985440 | 867.2 tok/s | 5556.5s
  feat 9000 (skip 0) | tok 4845472 gen 4006586 | 867.2 tok/s | 5587.3s
CUDA Graph id 26937 reused
ggml_backend_cuda_graph_compute: CUDA graph warmup complete
CUDA Graph id 26937 reused
ggml_backend_cuda_graph_compute: CUDA graph warmup reset
  feat 9050 (skip 0) | tok 4873217 gen 4029398 | 867.3 tok/s | 5618.8s
CUDA Graph id 27087 reused
ggml_backend_cuda_graph_compute: CUDA graph warmup complete
ggml_backend_cuda_graph_compute: CUDA graph warmup reset
  feat 9100 (skip 0) | tok 4901009 gen 4051992 | 867.4 tok/s | 5650.5s
  feat 9150 (skip 0) | tok 4927800 gen 4075024 | 867.4 tok/s | 5681.3s
  feat 9200 (skip 0) | tok 4957070 gen 4097957 | 867.4 tok/s | 5714.7s
  feat 9250 (skip 0) | tok 4983334 gen 4119122 | 867.4 tok/s | 5744.8s
CUDA Graph id 27687 reused
ggml_backend_cuda_graph_compute: CUDA graph warmup complete
ggml_backend_cuda_graph_compute: CUDA graph warmup reset
  feat 9300 (skip 0) | tok 5010072 gen 4141401 | 867.5 tok/s | 5775.6s
  feat 9350 (skip 0) | tok 5036839 gen 4163873 | 867.5 tok/s | 5806.3s
  feat 9400 (skip 0) | tok 5064484 gen 4187886 | 867.5 tok/s | 5838.2s
CUDA Graph id 28167 reused
ggml_backend_cuda_graph_compute: CUDA graph warmup complete
ggml_backend_cuda_graph_compute: CUDA graph warmup reset
  feat 9450 (skip 0) | tok 5089185 gen 4208070 | 867.5 tok/s | 5866.4s
  feat 9500 (skip 0) | tok 5117828 gen 4230741 | 867.5 tok/s | 5899.3s
  feat 9550 (skip 0) | tok 5144848 gen 4252720 | 867.6 tok/s | 5930.1s
  feat 9600 (skip 0) | tok 5171980 gen 4275123 | 867.6 tok/s | 5961.2s
  feat 9650 (skip 0) | tok 5199779 gen 4298180 | 867.6 tok/s | 5993.1s
  feat 9700 (skip 0) | tok 5225919 gen 4320016 | 867.6 tok/s | 6023.2s
  feat 9750 (skip 0) | tok 5253214 gen 4343143 | 867.7 tok/s | 6054.4s
  feat 9800 (skip 0) | tok 5279276 gen 4364494 | 867.7 tok/s | 6084.2s
CUDA Graph id 29337 reused
ggml_backend_cuda_graph_compute: CUDA graph warmup complete
ggml_backend_cuda_graph_compute: CUDA graph warmup reset
  feat 9850 (skip 0) | tok 5305760 gen 4386970 | 867.7 tok/s | 6114.5s
  feat 9900 (skip 0) | tok 5332392 gen 4409032 | 867.8 tok/s | 6144.9s
  feat 9950 (skip 0) | tok 5358156 gen 4430306 | 867.8 tok/s | 6174.5s
  feat 10000 (skip 0) | tok 5386676 gen 4453831 | 867.9 tok/s | 6206.9s
~llama_context:      CUDA0 compute buffer size is 2244.0704 MiB, matches expectation of 2244.0704 MiB
~llama_context:  CUDA_Host compute buffer size is  88.0782 MiB, matches expectation of  88.0782 MiB

=== done === samples=10000 skip=0 tokens=5386676 gen=4453831 time=6206.9s (867.9 tok/s)
out:feats_e3/broad2_a.bin
